-- MySQL dump 10.13  Distrib 5.7.24, for Win64 (x86_64)
--
-- Host: localhost    Database: test
-- ------------------------------------------------------
-- Server version	5.7.24-log

/*!40101 SET @OLD_CHARACTER_SET_CLIENT=@@CHARACTER_SET_CLIENT */;
/*!40101 SET @OLD_CHARACTER_SET_RESULTS=@@CHARACTER_SET_RESULTS */;
/*!40101 SET @OLD_COLLATION_CONNECTION=@@COLLATION_CONNECTION */;
/*!40101 SET NAMES utf8 */;
/*!40103 SET @OLD_TIME_ZONE=@@TIME_ZONE */;
/*!40103 SET TIME_ZONE='+00:00' */;
/*!40014 SET @OLD_UNIQUE_CHECKS=@@UNIQUE_CHECKS, UNIQUE_CHECKS=0 */;
/*!40014 SET @OLD_FOREIGN_KEY_CHECKS=@@FOREIGN_KEY_CHECKS, FOREIGN_KEY_CHECKS=0 */;
/*!40101 SET @OLD_SQL_MODE=@@SQL_MODE, SQL_MODE='NO_AUTO_VALUE_ON_ZERO' */;
/*!40111 SET @OLD_SQL_NOTES=@@SQL_NOTES, SQL_NOTES=0 */;

--
-- Table structure for table `account_emailaddress`
--

DROP TABLE IF EXISTS `account_emailaddress`;
/*!40101 SET @saved_cs_client     = @@character_set_client */;
/*!40101 SET character_set_client = utf8 */;
CREATE TABLE `account_emailaddress` (
  `id` int(11) NOT NULL AUTO_INCREMENT,
  `email` varchar(254) NOT NULL,
  `verified` tinyint(1) NOT NULL,
  `primary` tinyint(1) NOT NULL,
  `user_id` int(11) NOT NULL,
  PRIMARY KEY (`id`),
  UNIQUE KEY `email` (`email`),
  KEY `account_emailaddress_user_id_2c513194_fk_auth_user_id` (`user_id`),
  CONSTRAINT `account_emailaddress_user_id_2c513194_fk_auth_user_id` FOREIGN KEY (`user_id`) REFERENCES `auth_user` (`id`)
) ENGINE=InnoDB DEFAULT CHARSET=utf8;
/*!40101 SET character_set_client = @saved_cs_client */;

--
-- Dumping data for table `account_emailaddress`
--

LOCK TABLES `account_emailaddress` WRITE;
/*!40000 ALTER TABLE `account_emailaddress` DISABLE KEYS */;
/*!40000 ALTER TABLE `account_emailaddress` ENABLE KEYS */;
UNLOCK TABLES;

--
-- Table structure for table `account_emailconfirmation`
--

DROP TABLE IF EXISTS `account_emailconfirmation`;
/*!40101 SET @saved_cs_client     = @@character_set_client */;
/*!40101 SET character_set_client = utf8 */;
CREATE TABLE `account_emailconfirmation` (
  `id` int(11) NOT NULL AUTO_INCREMENT,
  `created` datetime(6) NOT NULL,
  `sent` datetime(6) DEFAULT NULL,
  `key` varchar(64) NOT NULL,
  `email_address_id` int(11) NOT NULL,
  PRIMARY KEY (`id`),
  UNIQUE KEY `key` (`key`),
  KEY `account_emailconfirm_email_address_id_5b7f8c58_fk_account_e` (`email_address_id`),
  CONSTRAINT `account_emailconfirm_email_address_id_5b7f8c58_fk_account_e` FOREIGN KEY (`email_address_id`) REFERENCES `account_emailaddress` (`id`)
) ENGINE=InnoDB DEFAULT CHARSET=utf8;
/*!40101 SET character_set_client = @saved_cs_client */;

--
-- Dumping data for table `account_emailconfirmation`
--

LOCK TABLES `account_emailconfirmation` WRITE;
/*!40000 ALTER TABLE `account_emailconfirmation` DISABLE KEYS */;
/*!40000 ALTER TABLE `account_emailconfirmation` ENABLE KEYS */;
UNLOCK TABLES;

--
-- Table structure for table `auth_group`
--

DROP TABLE IF EXISTS `auth_group`;
/*!40101 SET @saved_cs_client     = @@character_set_client */;
/*!40101 SET character_set_client = utf8 */;
CREATE TABLE `auth_group` (
  `id` int(11) NOT NULL AUTO_INCREMENT,
  `name` varchar(150) NOT NULL,
  PRIMARY KEY (`id`),
  UNIQUE KEY `name` (`name`)
) ENGINE=InnoDB DEFAULT CHARSET=utf8;
/*!40101 SET character_set_client = @saved_cs_client */;

--
-- Dumping data for table `auth_group`
--

LOCK TABLES `auth_group` WRITE;
/*!40000 ALTER TABLE `auth_group` DISABLE KEYS */;
/*!40000 ALTER TABLE `auth_group` ENABLE KEYS */;
UNLOCK TABLES;

--
-- Table structure for table `auth_group_permissions`
--

DROP TABLE IF EXISTS `auth_group_permissions`;
/*!40101 SET @saved_cs_client     = @@character_set_client */;
/*!40101 SET character_set_client = utf8 */;
CREATE TABLE `auth_group_permissions` (
  `id` int(11) NOT NULL AUTO_INCREMENT,
  `group_id` int(11) NOT NULL,
  `permission_id` int(11) NOT NULL,
  PRIMARY KEY (`id`),
  UNIQUE KEY `auth_group_permissions_group_id_permission_id_0cd325b0_uniq` (`group_id`,`permission_id`),
  KEY `auth_group_permissio_permission_id_84c5c92e_fk_auth_perm` (`permission_id`),
  CONSTRAINT `auth_group_permissio_permission_id_84c5c92e_fk_auth_perm` FOREIGN KEY (`permission_id`) REFERENCES `auth_permission` (`id`),
  CONSTRAINT `auth_group_permissions_group_id_b120cbf9_fk_auth_group_id` FOREIGN KEY (`group_id`) REFERENCES `auth_group` (`id`)
) ENGINE=InnoDB DEFAULT CHARSET=utf8;
/*!40101 SET character_set_client = @saved_cs_client */;

--
-- Dumping data for table `auth_group_permissions`
--

LOCK TABLES `auth_group_permissions` WRITE;
/*!40000 ALTER TABLE `auth_group_permissions` DISABLE KEYS */;
/*!40000 ALTER TABLE `auth_group_permissions` ENABLE KEYS */;
UNLOCK TABLES;

--
-- Table structure for table `auth_permission`
--

DROP TABLE IF EXISTS `auth_permission`;
/*!40101 SET @saved_cs_client     = @@character_set_client */;
/*!40101 SET character_set_client = utf8 */;
CREATE TABLE `auth_permission` (
  `id` int(11) NOT NULL AUTO_INCREMENT,
  `name` varchar(255) NOT NULL,
  `content_type_id` int(11) NOT NULL,
  `codename` varchar(100) NOT NULL,
  PRIMARY KEY (`id`),
  UNIQUE KEY `auth_permission_content_type_id_codename_01ab375a_uniq` (`content_type_id`,`codename`),
  CONSTRAINT `auth_permission_content_type_id_2f476e4b_fk_django_co` FOREIGN KEY (`content_type_id`) REFERENCES `django_content_type` (`id`)
) ENGINE=InnoDB AUTO_INCREMENT=81 DEFAULT CHARSET=utf8;
/*!40101 SET character_set_client = @saved_cs_client */;

--
-- Dumping data for table `auth_permission`
--

LOCK TABLES `auth_permission` WRITE;
/*!40000 ALTER TABLE `auth_permission` DISABLE KEYS */;
INSERT INTO `auth_permission` VALUES (1,'Can add log entry',1,'add_logentry'),(2,'Can change log entry',1,'change_logentry'),(3,'Can delete log entry',1,'delete_logentry'),(4,'Can view log entry',1,'view_logentry'),(5,'Can add permission',2,'add_permission'),(6,'Can change permission',2,'change_permission'),(7,'Can delete permission',2,'delete_permission'),(8,'Can view permission',2,'view_permission'),(9,'Can add group',3,'add_group'),(10,'Can change group',3,'change_group'),(11,'Can delete group',3,'delete_group'),(12,'Can view group',3,'view_group'),(13,'Can add user',4,'add_user'),(14,'Can change user',4,'change_user'),(15,'Can delete user',4,'delete_user'),(16,'Can view user',4,'view_user'),(17,'Can add content type',5,'add_contenttype'),(18,'Can change content type',5,'change_contenttype'),(19,'Can delete content type',5,'delete_contenttype'),(20,'Can view content type',5,'view_contenttype'),(21,'Can add session',6,'add_session'),(22,'Can change session',6,'change_session'),(23,'Can delete session',6,'delete_session'),(24,'Can view session',6,'view_session'),(25,'Can add site',7,'add_site'),(26,'Can change site',7,'change_site'),(27,'Can delete site',7,'delete_site'),(28,'Can view site',7,'view_site'),(29,'Can add email address',8,'add_emailaddress'),(30,'Can change email address',8,'change_emailaddress'),(31,'Can delete email address',8,'delete_emailaddress'),(32,'Can view email address',8,'view_emailaddress'),(33,'Can add email confirmation',9,'add_emailconfirmation'),(34,'Can change email confirmation',9,'change_emailconfirmation'),(35,'Can delete email confirmation',9,'delete_emailconfirmation'),(36,'Can view email confirmation',9,'view_emailconfirmation'),(37,'Can add social account',10,'add_socialaccount'),(38,'Can change social account',10,'change_socialaccount'),(39,'Can delete social account',10,'delete_socialaccount'),(40,'Can view social account',10,'view_socialaccount'),(41,'Can add social application',11,'add_socialapp'),(42,'Can change social application',11,'change_socialapp'),(43,'Can delete social application',11,'delete_socialapp'),(44,'Can view social application',11,'view_socialapp'),(45,'Can add social application token',12,'add_socialtoken'),(46,'Can change social application token',12,'change_socialtoken'),(47,'Can delete social application token',12,'delete_socialtoken'),(48,'Can view social application token',12,'view_socialtoken'),(49,'Can add profile',13,'add_profile'),(50,'Can change profile',13,'change_profile'),(51,'Can delete profile',13,'delete_profile'),(52,'Can view profile',13,'view_profile'),(53,'Can add verify code',14,'add_verifycode'),(54,'Can change verify code',14,'change_verifycode'),(55,'Can delete verify code',14,'delete_verifycode'),(56,'Can view verify code',14,'view_verifycode'),(57,'Can add blog tag',15,'add_blogtag'),(58,'Can change blog tag',15,'change_blogtag'),(59,'Can delete blog tag',15,'delete_blogtag'),(60,'Can view blog tag',15,'view_blogtag'),(61,'Can add blog',16,'add_blog'),(62,'Can change blog',16,'change_blog'),(63,'Can delete blog',16,'delete_blog'),(64,'Can view blog',16,'view_blog'),(65,'Can add comment',17,'add_comment'),(66,'Can change comment',17,'change_comment'),(67,'Can delete comment',17,'delete_comment'),(68,'Can view comment',17,'view_comment'),(69,'Can add like',18,'add_like'),(70,'Can change like',18,'change_like'),(71,'Can delete like',18,'delete_like'),(72,'Can view like',18,'view_like'),(73,'Can add profile collect blog',19,'add_profilecollectblog'),(74,'Can change profile collect blog',19,'change_profilecollectblog'),(75,'Can delete profile collect blog',19,'delete_profilecollectblog'),(76,'Can view profile collect blog',19,'view_profilecollectblog'),(77,'Can add collection',20,'add_collection'),(78,'Can change collection',20,'change_collection'),(79,'Can delete collection',20,'delete_collection'),(80,'Can view collection',20,'view_collection');
/*!40000 ALTER TABLE `auth_permission` ENABLE KEYS */;
UNLOCK TABLES;

--
-- Table structure for table `auth_user`
--

DROP TABLE IF EXISTS `auth_user`;
/*!40101 SET @saved_cs_client     = @@character_set_client */;
/*!40101 SET character_set_client = utf8 */;
CREATE TABLE `auth_user` (
  `id` int(11) NOT NULL AUTO_INCREMENT,
  `password` varchar(128) NOT NULL,
  `last_login` datetime(6) DEFAULT NULL,
  `is_superuser` tinyint(1) NOT NULL,
  `username` varchar(150) NOT NULL,
  `first_name` varchar(30) NOT NULL,
  `last_name` varchar(150) NOT NULL,
  `email` varchar(254) NOT NULL,
  `is_staff` tinyint(1) NOT NULL,
  `is_active` tinyint(1) NOT NULL,
  `date_joined` datetime(6) NOT NULL,
  PRIMARY KEY (`id`),
  UNIQUE KEY `username` (`username`)
) ENGINE=InnoDB AUTO_INCREMENT=16 DEFAULT CHARSET=utf8;
/*!40101 SET character_set_client = @saved_cs_client */;

--
-- Dumping data for table `auth_user`
--

LOCK TABLES `auth_user` WRITE;
/*!40000 ALTER TABLE `auth_user` DISABLE KEYS */;
INSERT INTO `auth_user` VALUES (13,'pbkdf2_sha256$150000$Jdvohq6FhmpO$Xm3gwTdqmGfbsnTnHthLQtaPKyW/Rog+LFci+HYEHEM=','2019-07-17 14:03:15.042384',1,'admin','','','',1,1,'2019-07-09 07:45:23.842103'),(15,'pbkdf2_sha256$150000$B6NLoxurFXcc$itntKN4XrmuQrNkESbVeIG6bcHFty5rBtwg7IPdicoM=','2019-07-17 14:02:40.465722',0,'user1','','','1130080238@qq.com',0,1,'2019-07-09 08:19:59.999810');
/*!40000 ALTER TABLE `auth_user` ENABLE KEYS */;
UNLOCK TABLES;

--
-- Table structure for table `auth_user_groups`
--

DROP TABLE IF EXISTS `auth_user_groups`;
/*!40101 SET @saved_cs_client     = @@character_set_client */;
/*!40101 SET character_set_client = utf8 */;
CREATE TABLE `auth_user_groups` (
  `id` int(11) NOT NULL AUTO_INCREMENT,
  `user_id` int(11) NOT NULL,
  `group_id` int(11) NOT NULL,
  PRIMARY KEY (`id`),
  UNIQUE KEY `auth_user_groups_user_id_group_id_94350c0c_uniq` (`user_id`,`group_id`),
  KEY `auth_user_groups_group_id_97559544_fk_auth_group_id` (`group_id`),
  CONSTRAINT `auth_user_groups_group_id_97559544_fk_auth_group_id` FOREIGN KEY (`group_id`) REFERENCES `auth_group` (`id`),
  CONSTRAINT `auth_user_groups_user_id_6a12ed8b_fk_auth_user_id` FOREIGN KEY (`user_id`) REFERENCES `auth_user` (`id`)
) ENGINE=InnoDB DEFAULT CHARSET=utf8;
/*!40101 SET character_set_client = @saved_cs_client */;

--
-- Dumping data for table `auth_user_groups`
--

LOCK TABLES `auth_user_groups` WRITE;
/*!40000 ALTER TABLE `auth_user_groups` DISABLE KEYS */;
/*!40000 ALTER TABLE `auth_user_groups` ENABLE KEYS */;
UNLOCK TABLES;

--
-- Table structure for table `auth_user_user_permissions`
--

DROP TABLE IF EXISTS `auth_user_user_permissions`;
/*!40101 SET @saved_cs_client     = @@character_set_client */;
/*!40101 SET character_set_client = utf8 */;
CREATE TABLE `auth_user_user_permissions` (
  `id` int(11) NOT NULL AUTO_INCREMENT,
  `user_id` int(11) NOT NULL,
  `permission_id` int(11) NOT NULL,
  PRIMARY KEY (`id`),
  UNIQUE KEY `auth_user_user_permissions_user_id_permission_id_14a6b632_uniq` (`user_id`,`permission_id`),
  KEY `auth_user_user_permi_permission_id_1fbb5f2c_fk_auth_perm` (`permission_id`),
  CONSTRAINT `auth_user_user_permi_permission_id_1fbb5f2c_fk_auth_perm` FOREIGN KEY (`permission_id`) REFERENCES `auth_permission` (`id`),
  CONSTRAINT `auth_user_user_permissions_user_id_a95ead1b_fk_auth_user_id` FOREIGN KEY (`user_id`) REFERENCES `auth_user` (`id`)
) ENGINE=InnoDB DEFAULT CHARSET=utf8;
/*!40101 SET character_set_client = @saved_cs_client */;

--
-- Dumping data for table `auth_user_user_permissions`
--

LOCK TABLES `auth_user_user_permissions` WRITE;
/*!40000 ALTER TABLE `auth_user_user_permissions` DISABLE KEYS */;
/*!40000 ALTER TABLE `auth_user_user_permissions` ENABLE KEYS */;
UNLOCK TABLES;

--
-- Table structure for table `blog_blog`
--

DROP TABLE IF EXISTS `blog_blog`;
/*!40101 SET @saved_cs_client     = @@character_set_client */;
/*!40101 SET character_set_client = utf8 */;
CREATE TABLE `blog_blog` (
  `id` int(11) NOT NULL AUTO_INCREMENT,
  `title` varchar(50) NOT NULL,
  `introduction` longtext NOT NULL,
  `content` longtext NOT NULL,
  `created_time` datetime(6) NOT NULL,
  `last_time` datetime(6) NOT NULL,
  `creater_id` int(11) NOT NULL,
  PRIMARY KEY (`id`),
  KEY `blog_blog_creater_id_45dca379_fk_auth_user_id` (`creater_id`),
  CONSTRAINT `blog_blog_creater_id_45dca379_fk_auth_user_id` FOREIGN KEY (`creater_id`) REFERENCES `auth_user` (`id`)
) ENGINE=InnoDB AUTO_INCREMENT=55 DEFAULT CHARSET=utf8;
/*!40101 SET character_set_client = @saved_cs_client */;

--
-- Dumping data for table `blog_blog`
--

LOCK TABLES `blog_blog` WRITE;
/*!40000 ALTER TABLE `blog_blog` DISABLE KEYS */;
INSERT INTO `blog_blog` VALUES (1,'第一篇博客','这里是第一篇博客的简介','这里是第一篇博客的内容。','2019-07-09 09:38:47.764871','2019-07-09 09:38:47.764871',13),(2,'这是第1本书','这是第1本书的简介','这是第1本书的内容','2019-07-09 09:58:17.731057','2019-07-09 09:58:17.731057',13),(3,'这是第1本书','这是第1本书的简介','这是第1本书的内容','2019-07-09 09:58:47.651820','2019-07-09 09:58:47.651820',13),(4,'这是第1本书','这是第1本书的简介','这是第1本书的内容','2019-07-09 09:59:19.362958','2019-07-09 09:59:19.362958',13),(5,'这是第1本书','这是第1本书的简介','这是第1本书的内容','2019-07-09 09:59:51.624767','2019-07-09 09:59:51.624767',13),(6,'这是第2本书','这是第2本书的简介','这是第2本书的内容','2019-07-09 09:59:51.634749','2019-07-09 09:59:51.634749',13),(7,'这是第3本书','这是第3本书的简介','这是第3本书的内容','2019-07-09 09:59:51.644697','2019-07-09 09:59:51.644697',13),(8,'这是第4本书','这是第4本书的简介','这是第4本书的内容','2019-07-09 09:59:51.654680','2019-07-09 09:59:51.654680',13),(9,'这是第5本书','这是第5本书的简介','这是第5本书的内容','2019-07-09 09:59:51.674679','2019-07-09 09:59:51.674679',13),(10,'这是第6本书','这是第6本书的简介','这是第6本书的内容','2019-07-09 09:59:51.684754','2019-07-09 09:59:51.684754',13),(11,'这是第7本书','这是第7本书的简介','这是第7本书的内容','2019-07-09 09:59:51.684754','2019-07-09 09:59:51.694681',13),(12,'这是第8本书','这是第8本书的简介','这是第8本书的内容','2019-07-09 09:59:51.694681','2019-07-09 09:59:51.694681',13),(13,'这是第9本书','这是第9本书的简介','这是第9本书的内容','2019-07-09 09:59:51.704753','2019-07-09 09:59:51.704753',13),(14,'这是第10本书','这是第10本书的简介','这是第10本书的内容','2019-07-09 09:59:51.714754','2019-07-09 09:59:51.714754',13),(15,'这是第11本书','这是第11本书的简介','这是第11本书的内容','2019-07-09 09:59:51.724758','2019-07-09 09:59:51.724758',13),(16,'这是第12本书','这是第12本书的简介','这是第12本书的内容','2019-07-09 09:59:51.724758','2019-07-09 09:59:51.724758',13),(17,'这是第13本书','这是第13本书的简介','这是第13本书的内容','2019-07-09 09:59:51.734715','2019-07-09 09:59:51.734715',13),(18,'这是第14本书','这是第14本书的简介','这是第14本书的内容','2019-07-09 09:59:51.744702','2019-07-09 09:59:51.744702',13),(19,'这是第15本书','这是第15本书的简介','这是第15本书的内容','2019-07-09 09:59:51.754757','2019-07-09 09:59:51.754757',13),(20,'这是第16本书','这是第16本书的简介','这是第16本书的内容','2019-07-09 09:59:51.764685','2019-07-09 09:59:51.764685',13),(21,'这是第17本书','这是第17本书的简介','这是第17本书的内容','2019-07-09 09:59:51.774704','2019-07-09 09:59:51.774704',13),(22,'这是第18本书','这是第18本书的简介','这是第18本书的内容','2019-07-09 09:59:51.784760','2019-07-09 09:59:51.784760',13),(23,'这是第19本书','这是第19本书的简介','这是第19本书的内容','2019-07-09 09:59:51.794759','2019-07-09 09:59:51.794759',13),(24,'这是第20本书','这是第20本书的简介','这是第20本书的内容','2019-07-09 09:59:51.804695','2019-07-09 09:59:51.804695',13),(25,'这是第21本书','这是第21本书的简介','这是第21本书的内容','2019-07-09 09:59:51.804695','2019-07-09 09:59:51.804695',13),(26,'这是第22本书','这是第22本书的简介','这是第22本书的内容','2019-07-09 09:59:51.814761','2019-07-09 09:59:51.814761',13),(27,'这是第23本书','这是第23本书的简介','这是第23本书的内容','2019-07-09 09:59:51.824761','2019-07-09 09:59:51.824761',13),(28,'这是第24本书','这是第24本书的简介','这是第24本书的内容','2019-07-09 09:59:51.834689','2019-07-09 09:59:51.834689',13),(29,'这是第25本书','这是第25本书的简介','这是第25本书的内容','2019-07-09 09:59:51.844771','2019-07-09 09:59:51.844771',13),(30,'这是第26本书','这是第26本书的简介','这是第26本书的内容','2019-07-09 09:59:51.854764','2019-07-09 09:59:51.854764',13),(31,'这是第27本书','这是第27本书的简介','这是第27本书的内容','2019-07-09 09:59:51.854764','2019-07-09 09:59:51.854764',13),(32,'这是第28本书','这是第28本书的简介','这是第28本书的内容','2019-07-09 09:59:51.864710','2019-07-09 09:59:51.864710',13),(33,'这是第29本书','这是第29本书的简介','这是第29本书的内容','2019-07-09 09:59:51.874765','2019-07-09 09:59:51.874765',13),(34,'这是第30本书','这是第30本书的简介','这是第30本书的内容','2019-07-09 09:59:51.884694','2019-07-09 09:59:51.884694',13),(35,'这是第31本书','这是第31本书的简介','这是第31本书的内容','2019-07-09 09:59:51.894766','2019-07-09 09:59:51.894766',13),(36,'这是第32本书','这是第32本书的简介','这是第32本书的内容','2019-07-09 09:59:51.904766','2019-07-09 09:59:51.904766',13),(37,'这是第33本书','这是第33本书的简介','这是第33本书的内容','2019-07-09 09:59:51.914768','2019-07-10 01:39:19.868019',13),(38,'这是第34本书','这是第34本书的简介','这是第34本书的内容','2019-07-09 09:59:51.914768','2019-07-09 09:59:51.924698',13),(39,'这是第35本书','这是第35本书的简介','这是第35本书的内容','2019-07-09 09:59:51.934768','2019-07-09 09:59:51.934768',13),(40,'这是第36本书','这是第36本书的简介','这是第36本书的内容','2019-07-09 09:59:51.934768','2019-07-09 09:59:51.934768',13),(41,'这是第37本书','这是第37本书的简介','这是第37本书的内容','2019-07-09 09:59:51.944771','2019-07-09 09:59:51.944771',13),(42,'这是第38本书','这是第38本书的简介','这是第38本书的内容','2019-07-09 09:59:51.954701','2019-07-09 09:59:51.954701',13),(43,'这是第39本书','这是第39本书的简介','这是第39本书的内容','2019-07-09 09:59:51.964771','2019-07-09 09:59:51.964771',13),(44,'这是第40本书','这是第40本书的简介','这是第40本书的内容','2019-07-09 09:59:51.964771','2019-07-09 09:59:51.964771',13),(45,'这是第41本书','这是第41本书的简介','这是第41本书的内容','2019-07-09 09:59:51.974770','2019-07-09 09:59:51.974770',13),(46,'这是第42本书','这是第42本书的简介','这是第42本书的内容','2019-07-09 09:59:51.984772','2019-07-09 09:59:51.984772',13),(47,'这是第43本书','这是第43本书的简介','这是第43本书的内容','2019-07-09 09:59:51.994775','2019-07-09 09:59:51.994775',13),(48,'这是第44本书','这是第44本书的简介','这是第44本书的内容','2019-07-09 09:59:52.004781','2019-07-09 09:59:52.004781',13),(49,'这是第45本书','这是第45本书的简介','这是第45本书的内容','2019-07-09 09:59:52.014776','2019-07-09 09:59:52.014776',13),(50,'这是第46本书','这是第46本书的简介','这是第46本书的内容','2019-07-09 09:59:52.024705','2019-07-09 09:59:52.024705',13),(51,'这是第47本书','这是第47本书的简介','这是第47本书的内容','2019-07-09 09:59:52.034778','2019-07-09 09:59:52.034778',13),(52,'这是第48本书','这是第48本书的简介','这是第48本书的内容','2019-07-09 09:59:52.044784','2019-07-09 09:59:52.044784',13),(53,'这是第49本书','这是第49本书的简介','这是第49本书的内容','2019-07-09 09:59:52.044784','2019-07-09 09:59:52.044784',13),(54,'这是第50本书','这是第50本书的简介','罗琳把现实社会中的种族主义观点、种族灭绝论等偏见加入了情节中\r\n哈利·波特（全七册 人民文学限量珍藏版）\r\n哈利·波特（全七册 人民文学限量珍藏版）(7张)\r\n ，这些偏见正是伏地魔和食死徒的想法。书中偶尔也会出现一些魔法师和不会魔法的人（“麻瓜”）的交流。罗琳说她写的7本书，1本比1本多一些黑暗色彩，随着哈利的年龄增长，他的敌人伏地魔的能力也越来越强。从罗琳出版第5本小说之后，她开始在她的个人网站上面发表一些暗示未来情节的内容。随着系列小说情节的发展，J·K·罗琳的笔调也愈趋老练成熟，加之故事主角哈利·波特不断成长，无论从内容上还是风格上，整个系列一直在逐步发展推进至高潮。\r\n《哈利·波特》小说中的善与恶的矛盾对立主要分为两条线索：第一条是以哈利与伏地魔为代表的善与恶的对立，第二条是以哈利自我心中对于恶的抗争作为暗线而展开的。正是因为故事的设定有着哈利的自我抗争，也才使其英雄形象更为饱满。在《哈利·波特与凤凰社》中，哈利梦见自己是蛇，伤害了好友罗恩的父亲韦斯莱先生。并且能够多次感知到伏地魔的思维动向。而小说的前半部分以哈利额头上的伤疤为纽带，暗示了他与伏地魔之间的紧密联系，也预示着哈利的思想随时会被伏地魔操控，从而一些恶的思想也无形地暗藏在哈利的身体里，他们之间相通的心灵使得一些恶念有可能驱使哈利做邪恶的事槽。而是否能够战胜自我，战胜心魔却是成就“善”还是成就“恶。的重要区别。哈利最终战胜了心魔，从而回归自我，从真正意义上完成了他从普通人向英雄人物的转变。这也昭示着作者罗琳对于恶的看法，恶也非完全是与生俱来的，伏地魔也并没有一出生就是一个魔头，他也曾是一个优秀的学生，而哈利虽然是一个正面的形象，但一些恶念也会随着时间的推移积存在于自己的思想中。怎么样能够克服这样的思想，做到不被恶意支配是罗琳彰显著与恶母题的潜在用意。 [16] \r\n小说的现实性还通过《哈利·波特》系列小说中所传递的思想得以体现，反映了罗琳女士对于现实社会的思考。小说将马尔福一家为代表的魔法师分为纯种魔法师，他们有着高度的优越感，因而看不起像赫敏这样的非魔法家庭出身的魔法师，并嘲笑他为“泥巴种”。即使是在魔法世界中，也会因为出身的低贱遭到不公平的待遇。不论赫敏这类魔法师凭借自己多大的努力、多么优秀，都还是会被遭到纯种魔法师的蔑视。伏地魔所构建的磨法世界的宗旨主要是保留纯种魔法师，对那些非纯种的魔法师进行残忍的杀戮。而相反，以邓布利多校长及哈利为代表的魔法世界兼容并包，他们认为出身并不重要，最重要的是个人的努力。这是对于出身问题的两种思想对立。而在最后的战斗中，哈利一方取得了彻底的胜利，伏地魔势力土崩瓦解，这也正预示着小说对于卑微出身而遭遇到不平等待遇仍旧存在于现实社会中间的看法，这无疑是一种进步的思想。现今社会，种族歧视问题虽然有所缓解，但不可否认的是，在某些地区仍然存在。作品的思想对于现实世界具有警醒的现实意义。而罗琳在小说中表现出其对这一问题的深刻反思，即出身并不能决定一个人的命运，关键还是看个人的努力能否取得成功并创造人生的辉煌。作者所要表达的思想是：命运掌握在自己手中。马尔福一家对家养小精灵多比进行各种凌虐和压迫，后来哈利解放了多比，并鼓励多比解放其它家养小精灵，这也折射了作品对奴隶制的强烈批判。','2019-07-09 09:59:52.054704','2019-07-10 09:44:26.739154',13);
/*!40000 ALTER TABLE `blog_blog` ENABLE KEYS */;
UNLOCK TABLES;

--
-- Table structure for table `blog_blog_tags`
--

DROP TABLE IF EXISTS `blog_blog_tags`;
/*!40101 SET @saved_cs_client     = @@character_set_client */;
/*!40101 SET character_set_client = utf8 */;
CREATE TABLE `blog_blog_tags` (
  `id` int(11) NOT NULL AUTO_INCREMENT,
  `blog_id` int(11) NOT NULL,
  `blogtag_id` int(11) NOT NULL,
  PRIMARY KEY (`id`),
  UNIQUE KEY `blog_blog_tag_blog_id_blogtag_id_0dc0a631_uniq` (`blog_id`,`blogtag_id`),
  KEY `blog_blog_tags_blogtag_id_caf07060_fk_blog_blogtag_id` (`blogtag_id`),
  CONSTRAINT `blog_blog_tags_blog_id_e4cd5f6a_fk_blog_blog_id` FOREIGN KEY (`blog_id`) REFERENCES `blog_blog` (`id`),
  CONSTRAINT `blog_blog_tags_blogtag_id_caf07060_fk_blog_blogtag_id` FOREIGN KEY (`blogtag_id`) REFERENCES `blog_blogtag` (`id`)
) ENGINE=InnoDB AUTO_INCREMENT=169 DEFAULT CHARSET=utf8;
/*!40101 SET character_set_client = @saved_cs_client */;

--
-- Dumping data for table `blog_blog_tags`
--

LOCK TABLES `blog_blog_tags` WRITE;
/*!40000 ALTER TABLE `blog_blog_tags` DISABLE KEYS */;
INSERT INTO `blog_blog_tags` VALUES (1,1,1),(2,1,2),(3,1,3),(4,1,4),(5,1,5),(8,2,1),(9,2,2),(168,2,3),(10,2,4),(166,3,1),(167,3,2),(165,3,4),(12,4,1),(163,4,2),(11,4,3),(164,4,4),(13,4,5),(162,5,1),(160,5,3),(161,5,5),(158,6,3),(157,6,4),(159,6,5),(155,7,1),(156,7,2),(154,7,3),(151,8,1),(153,8,4),(152,8,5),(149,9,2),(150,9,4),(148,9,5),(142,10,1),(144,10,2),(143,10,5),(147,11,2),(146,11,3),(145,11,4),(139,12,2),(140,12,4),(141,12,5),(137,13,1),(138,13,2),(136,13,4),(133,14,1),(134,14,4),(135,14,5),(129,15,1),(127,15,3),(128,15,4),(131,16,1),(132,16,3),(130,16,5),(126,17,1),(124,17,2),(125,17,4),(123,18,1),(121,18,2),(122,18,4),(120,19,1),(119,19,2),(118,19,5),(117,20,1),(116,20,3),(115,20,4),(113,21,1),(114,21,4),(112,21,5),(111,22,1),(110,22,4),(109,22,5),(108,23,2),(106,23,3),(107,23,4),(102,24,1),(101,24,2),(100,24,5),(105,25,1),(104,25,3),(103,25,5),(97,26,1),(98,26,4),(99,26,5),(95,27,1),(94,27,2),(96,27,4),(93,28,2),(92,28,3),(91,28,4),(88,29,2),(89,29,4),(90,29,5),(83,30,2),(84,30,3),(82,30,4),(87,31,2),(85,31,3),(86,31,5),(81,32,3),(79,32,4),(80,32,5),(76,33,1),(78,33,2),(77,33,4),(74,34,1),(75,34,3),(73,34,5),(70,35,1),(71,35,2),(72,35,4),(69,36,2),(68,36,3),(67,36,5),(62,37,1),(63,37,3),(61,37,4),(66,38,1),(64,38,2),(65,38,3),(57,39,1),(56,39,3),(55,39,4),(58,40,1),(60,40,2),(59,40,3),(54,41,1),(53,41,2),(52,41,3),(49,42,2),(50,42,4),(51,42,5),(44,43,1),(45,43,2),(43,43,5),(47,44,1),(48,44,3),(46,44,4),(42,45,1),(41,45,2),(40,45,5),(37,46,1),(38,46,3),(39,46,5),(35,47,1),(36,47,4),(34,47,5),(32,48,1),(31,48,3),(33,48,5),(29,49,2),(30,49,4),(28,49,5),(25,50,3),(26,50,4),(27,50,5),(23,51,2),(22,51,3),(24,51,4),(18,52,2),(16,52,3),(17,52,4),(20,53,1),(19,53,2),(21,53,3),(6,54,1),(15,54,3),(7,54,4),(14,54,5);
/*!40000 ALTER TABLE `blog_blog_tags` ENABLE KEYS */;
UNLOCK TABLES;

--
-- Table structure for table `blog_blogtag`
--

DROP TABLE IF EXISTS `blog_blogtag`;
/*!40101 SET @saved_cs_client     = @@character_set_client */;
/*!40101 SET character_set_client = utf8 */;
CREATE TABLE `blog_blogtag` (
  `id` int(11) NOT NULL AUTO_INCREMENT,
  `name` varchar(20) NOT NULL,
  `created_time` datetime(6) NOT NULL,
  `last_time` datetime(6) NOT NULL,
  PRIMARY KEY (`id`),
  UNIQUE KEY `name` (`name`)
) ENGINE=InnoDB AUTO_INCREMENT=6 DEFAULT CHARSET=utf8;
/*!40101 SET character_set_client = @saved_cs_client */;

--
-- Dumping data for table `blog_blogtag`
--

LOCK TABLES `blog_blogtag` WRITE;
/*!40000 ALTER TABLE `blog_blogtag` DISABLE KEYS */;
INSERT INTO `blog_blogtag` VALUES (1,'随笔','2019-07-09 09:34:12.641662','2019-07-09 09:34:12.641662'),(2,'科技','2019-07-09 09:34:16.469842','2019-07-09 09:34:16.469842'),(3,'心得','2019-07-09 09:34:21.226423','2019-07-09 09:34:21.226423'),(4,'历史','2019-07-09 09:34:25.351159','2019-07-09 09:34:25.351159'),(5,'游戏','2019-07-09 09:34:34.815689','2019-07-09 09:34:34.815689');
/*!40000 ALTER TABLE `blog_blogtag` ENABLE KEYS */;
UNLOCK TABLES;

--
-- Table structure for table `collection_collection`
--

DROP TABLE IF EXISTS `collection_collection`;
/*!40101 SET @saved_cs_client     = @@character_set_client */;
/*!40101 SET character_set_client = utf8 */;
CREATE TABLE `collection_collection` (
  `id` int(11) NOT NULL AUTO_INCREMENT,
  `object_id` int(10) unsigned NOT NULL,
  `create_time` datetime(6) NOT NULL,
  `collector_id` int(11) NOT NULL,
  `content_type_id` int(11) NOT NULL,
  PRIMARY KEY (`id`),
  KEY `collection_collection_collector_id_cca7ffb6_fk_auth_user_id` (`collector_id`),
  KEY `collection_collectio_content_type_id_c4a6686d_fk_django_co` (`content_type_id`),
  CONSTRAINT `collection_collectio_content_type_id_c4a6686d_fk_django_co` FOREIGN KEY (`content_type_id`) REFERENCES `django_content_type` (`id`),
  CONSTRAINT `collection_collection_collector_id_cca7ffb6_fk_auth_user_id` FOREIGN KEY (`collector_id`) REFERENCES `auth_user` (`id`)
) ENGINE=InnoDB AUTO_INCREMENT=18 DEFAULT CHARSET=utf8;
/*!40101 SET character_set_client = @saved_cs_client */;

--
-- Dumping data for table `collection_collection`
--

LOCK TABLES `collection_collection` WRITE;
/*!40000 ALTER TABLE `collection_collection` DISABLE KEYS */;
INSERT INTO `collection_collection` VALUES (12,54,'2019-07-17 14:02:08.797375',15,16),(15,54,'2019-07-17 15:42:52.595641',13,16),(17,52,'2019-07-17 16:59:11.062296',13,16);
/*!40000 ALTER TABLE `collection_collection` ENABLE KEYS */;
UNLOCK TABLES;

--
-- Table structure for table `comment_comment`
--

DROP TABLE IF EXISTS `comment_comment`;
/*!40101 SET @saved_cs_client     = @@character_set_client */;
/*!40101 SET character_set_client = utf8 */;
CREATE TABLE `comment_comment` (
  `id` int(11) NOT NULL AUTO_INCREMENT,
  `object_id` int(10) unsigned NOT NULL,
  `content` longtext NOT NULL,
  `create_time` datetime(6) NOT NULL,
  `content_type_id` int(11) NOT NULL,
  `creater_id` int(11) NOT NULL,
  `parent_comment_id` int(11) DEFAULT NULL,
  `top_comment_id` int(11) DEFAULT NULL,
  PRIMARY KEY (`id`),
  KEY `comment_comment_content_type_id_fbfb9793_fk_django_co` (`content_type_id`),
  KEY `comment_comment_creater_id_5e3e3051_fk_auth_user_id` (`creater_id`),
  KEY `comment_comment_first_comment_id_2afd90ed_fk_comment_comment_id` (`parent_comment_id`),
  KEY `comment_comment_top_comment_id_a3ac1f72_fk_comment_comment_id` (`top_comment_id`),
  CONSTRAINT `comment_comment_content_type_id_fbfb9793_fk_django_co` FOREIGN KEY (`content_type_id`) REFERENCES `django_content_type` (`id`),
  CONSTRAINT `comment_comment_creater_id_5e3e3051_fk_auth_user_id` FOREIGN KEY (`creater_id`) REFERENCES `auth_user` (`id`),
  CONSTRAINT `comment_comment_top_comment_id_a3ac1f72_fk_comment_comment_id` FOREIGN KEY (`top_comment_id`) REFERENCES `comment_comment` (`id`)
) ENGINE=InnoDB AUTO_INCREMENT=756 DEFAULT CHARSET=utf8;
/*!40101 SET character_set_client = @saved_cs_client */;

--
-- Dumping data for table `comment_comment`
--

LOCK TABLES `comment_comment` WRITE;
/*!40000 ALTER TABLE `comment_comment` DISABLE KEYS */;
INSERT INTO `comment_comment` VALUES (743,54,'123','2019-07-16 14:41:51.737329',16,13,NULL,NULL),(744,743,'123123','2019-07-16 14:43:13.162082',17,13,743,743),(745,54,'123','2019-07-16 14:59:18.732906',16,13,NULL,NULL),(746,745,'4123','2019-07-16 14:59:25.372850',17,13,745,745),(747,54,'4123','2019-07-16 14:59:29.036716',16,13,NULL,NULL),(748,747,'4123','2019-07-16 14:59:33.024792',17,13,747,747),(749,748,'4123','2019-07-16 14:59:37.245505',17,13,748,747),(750,54,'123','2019-07-16 15:01:07.463330',16,13,NULL,NULL),(751,750,'4123','2019-07-16 15:01:10.483035',17,13,750,750),(752,54,'123','2019-07-17 09:50:13.829538',16,13,NULL,NULL),(753,54,'123','2019-07-17 11:44:47.238288',16,13,NULL,NULL),(754,54,'测试评论','2019-07-17 16:26:17.653180',16,13,NULL,NULL),(755,754,'测试评论2','2019-07-17 16:26:23.543161',17,13,754,754);
/*!40000 ALTER TABLE `comment_comment` ENABLE KEYS */;
UNLOCK TABLES;

--
-- Table structure for table `django_admin_log`
--

DROP TABLE IF EXISTS `django_admin_log`;
/*!40101 SET @saved_cs_client     = @@character_set_client */;
/*!40101 SET character_set_client = utf8 */;
CREATE TABLE `django_admin_log` (
  `id` int(11) NOT NULL AUTO_INCREMENT,
  `action_time` datetime(6) NOT NULL,
  `object_id` longtext,
  `object_repr` varchar(200) NOT NULL,
  `action_flag` smallint(5) unsigned NOT NULL,
  `change_message` longtext NOT NULL,
  `content_type_id` int(11) DEFAULT NULL,
  `user_id` int(11) NOT NULL,
  PRIMARY KEY (`id`),
  KEY `django_admin_log_content_type_id_c4bce8eb_fk_django_co` (`content_type_id`),
  KEY `django_admin_log_user_id_c564eba6_fk_auth_user_id` (`user_id`),
  CONSTRAINT `django_admin_log_content_type_id_c4bce8eb_fk_django_co` FOREIGN KEY (`content_type_id`) REFERENCES `django_content_type` (`id`),
  CONSTRAINT `django_admin_log_user_id_c564eba6_fk_auth_user_id` FOREIGN KEY (`user_id`) REFERENCES `auth_user` (`id`)
) ENGINE=InnoDB AUTO_INCREMENT=396 DEFAULT CHARSET=utf8;
/*!40101 SET character_set_client = @saved_cs_client */;

--
-- Dumping data for table `django_admin_log`
--

LOCK TABLES `django_admin_log` WRITE;
/*!40000 ALTER TABLE `django_admin_log` DISABLE KEYS */;
INSERT INTO `django_admin_log` VALUES (28,'2019-07-09 07:45:40.651666','12','user1',3,'',4,13),(29,'2019-07-09 07:55:48.232530','14','user1',3,'',4,13),(30,'2019-07-09 09:34:12.647674','1','BlogTag object (1)',1,'[{\"added\": {}}]',15,13),(31,'2019-07-09 09:34:16.474847','2','BlogTag object (2)',1,'[{\"added\": {}}]',15,13),(32,'2019-07-09 09:34:21.228426','3','BlogTag object (3)',1,'[{\"added\": {}}]',15,13),(33,'2019-07-09 09:34:25.355164','4','BlogTag object (4)',1,'[{\"added\": {}}]',15,13),(34,'2019-07-09 09:34:34.820692','5','BlogTag object (5)',1,'[{\"added\": {}}]',15,13),(35,'2019-07-09 09:38:47.789893','1','第一篇博客',1,'[{\"added\": {}}]',16,13),(36,'2019-07-09 09:41:23.249617','8','管理员',1,'[{\"added\": {}}]',13,13),(37,'2019-07-10 01:26:29.861178','54','这是第50本书',2,'[{\"changed\": {\"fields\": [\"tag\"]}}]',16,13),(38,'2019-07-10 01:39:19.871020','37','这是第33本书',2,'[]',16,13),(39,'2019-07-10 09:44:26.759143','54','这是第50本书',2,'[{\"changed\": {\"fields\": [\"content\"]}}]',16,13),(40,'2019-07-11 05:03:52.358570','1','Comment object (1)',1,'[{\"added\": {}}]',17,13),(41,'2019-07-11 05:04:24.747468','2','Comment object (2)',1,'[{\"added\": {}}]',17,13),(42,'2019-07-11 05:43:32.971691','3','Comment object (3)',1,'[{\"added\": {}}]',17,13),(43,'2019-07-11 05:43:40.379723','3','Comment object (3)',2,'[{\"changed\": {\"fields\": [\"object_id\", \"content\"]}}]',17,13),(44,'2019-07-11 05:44:05.759878','4','Comment object (4)',1,'[{\"added\": {}}]',17,13),(45,'2019-07-11 05:44:26.811901','5','Comment object (5)',1,'[{\"added\": {}}]',17,13),(46,'2019-07-11 05:44:37.738989','6','Comment object (6)',1,'[{\"added\": {}}]',17,13),(47,'2019-07-11 05:45:08.512572','3','Comment object (3)',2,'[{\"changed\": {\"fields\": [\"object_id\", \"content\"]}}]',17,13),(48,'2019-07-12 02:29:58.052476','62','Comment object (62)',3,'',17,13),(49,'2019-07-12 02:29:58.066469','61','Comment object (61)',3,'',17,13),(50,'2019-07-12 02:29:58.074478','60','Comment object (60)',3,'',17,13),(51,'2019-07-12 02:29:58.094499','59','Comment object (59)',3,'',17,13),(52,'2019-07-12 02:29:58.102504','58','Comment object (58)',3,'',17,13),(53,'2019-07-12 02:29:58.109511','57','Comment object (57)',3,'',17,13),(54,'2019-07-12 02:29:58.116538','56','Comment object (56)',3,'',17,13),(55,'2019-07-12 02:29:58.123524','55','Comment object (55)',3,'',17,13),(56,'2019-07-12 02:29:58.133534','54','Comment object (54)',3,'',17,13),(57,'2019-07-12 02:29:58.141542','53','Comment object (53)',3,'',17,13),(58,'2019-07-12 02:29:58.150550','52','Comment object (52)',3,'',17,13),(59,'2019-07-12 02:29:58.156556','51','Comment object (51)',3,'',17,13),(60,'2019-07-12 02:29:58.162561','50','Comment object (50)',3,'',17,13),(61,'2019-07-12 02:29:58.171571','49','Comment object (49)',3,'',17,13),(62,'2019-07-12 02:29:58.179581','48','Comment object (48)',3,'',17,13),(63,'2019-07-12 02:29:58.186584','47','Comment object (47)',3,'',17,13),(64,'2019-07-12 02:29:58.193592','46','Comment object (46)',3,'',17,13),(65,'2019-07-12 02:29:58.199617','45','Comment object (45)',3,'',17,13),(66,'2019-07-12 02:29:58.207606','44','Comment object (44)',3,'',17,13),(67,'2019-07-12 02:29:58.217614','43','Comment object (43)',3,'',17,13),(68,'2019-07-12 02:29:58.224621','42','Comment object (42)',3,'',17,13),(69,'2019-07-12 02:29:58.232629','41','Comment object (41)',3,'',17,13),(70,'2019-07-12 02:29:58.240639','40','Comment object (40)',3,'',17,13),(71,'2019-07-12 02:29:58.248644','39','Comment object (39)',3,'',17,13),(72,'2019-07-12 02:29:58.256652','38','Comment object (38)',3,'',17,13),(73,'2019-07-12 02:29:58.264662','37','Comment object (37)',3,'',17,13),(74,'2019-07-12 02:29:58.273669','36','Comment object (36)',3,'',17,13),(75,'2019-07-12 02:29:58.281676','35','Comment object (35)',3,'',17,13),(76,'2019-07-12 02:29:58.289705','34','Comment object (34)',3,'',17,13),(77,'2019-07-12 02:29:58.297691','33','Comment object (33)',3,'',17,13),(78,'2019-07-12 02:29:58.305699','32','Comment object (32)',3,'',17,13),(79,'2019-07-12 02:29:58.314727','31','Comment object (31)',3,'',17,13),(80,'2019-07-12 02:29:58.322715','30','Comment object (30)',3,'',17,13),(81,'2019-07-12 02:29:58.330743','29','Comment object (29)',3,'',17,13),(82,'2019-07-12 02:29:58.338732','28','Comment object (28)',3,'',17,13),(83,'2019-07-12 02:29:58.346739','27','Comment object (27)',3,'',17,13),(84,'2019-07-12 02:29:58.354746','26','Comment object (26)',3,'',17,13),(85,'2019-07-12 02:29:58.362753','25','Comment object (25)',3,'',17,13),(86,'2019-07-12 02:29:58.370762','24','Comment object (24)',3,'',17,13),(87,'2019-07-12 02:29:58.378769','23','Comment object (23)',3,'',17,13),(88,'2019-07-12 02:29:58.385778','22','Comment object (22)',3,'',17,13),(89,'2019-07-12 02:29:58.394786','21','Comment object (21)',3,'',17,13),(90,'2019-07-12 02:29:58.402792','20','Comment object (20)',3,'',17,13),(91,'2019-07-12 02:29:58.410800','19','Comment object (19)',3,'',17,13),(92,'2019-07-12 02:29:58.418807','18','Comment object (18)',3,'',17,13),(93,'2019-07-12 02:29:58.426818','17','Comment object (17)',3,'',17,13),(94,'2019-07-12 02:29:58.434825','16','Comment object (16)',3,'',17,13),(95,'2019-07-12 02:29:58.442833','15','Comment object (15)',3,'',17,13),(96,'2019-07-12 02:29:58.450838','14','Comment object (14)',3,'',17,13),(97,'2019-07-12 02:29:58.458866','13','Comment object (13)',3,'',17,13),(98,'2019-07-12 02:29:58.467855','12','Comment object (12)',3,'',17,13),(99,'2019-07-12 02:29:58.475862','11','Comment object (11)',3,'',17,13),(100,'2019-07-12 02:29:58.482869','10','Comment object (10)',3,'',17,13),(101,'2019-07-12 02:29:58.490879','9','Comment object (9)',3,'',17,13),(102,'2019-07-12 02:29:58.499886','8','Comment object (8)',3,'',17,13),(103,'2019-07-12 02:29:58.507893','7','Comment object (7)',3,'',17,13),(104,'2019-07-12 02:29:58.515901','6','Comment object (6)',3,'',17,13),(105,'2019-07-12 02:29:58.524929','5','Comment object (5)',3,'',17,13),(106,'2019-07-12 02:29:58.532917','4','Comment object (4)',3,'',17,13),(107,'2019-07-12 02:29:58.540926','3','Comment object (3)',3,'',17,13),(108,'2019-07-12 03:25:32.596865','89','Comment object (89)',1,'[{\"added\": {}}]',17,13),(109,'2019-07-15 06:24:06.833634','327','Comment object (327)',3,'',17,13),(110,'2019-07-15 06:24:06.853653','324','Comment object (324)',3,'',17,13),(111,'2019-07-15 06:24:06.862662','320','Comment object (320)',3,'',17,13),(112,'2019-07-15 06:24:06.870668','311','Comment object (311)',3,'',17,13),(113,'2019-07-15 06:24:06.880679','310','Comment object (310)',3,'',17,13),(114,'2019-07-15 06:24:06.889687','309','Comment object (309)',3,'',17,13),(115,'2019-07-15 06:24:06.898697','308','Comment object (308)',3,'',17,13),(116,'2019-07-15 06:24:06.904702','300','Comment object (300)',3,'',17,13),(117,'2019-07-15 06:24:06.911709','299','Comment object (299)',3,'',17,13),(118,'2019-07-15 06:24:06.919715','298','Comment object (298)',3,'',17,13),(119,'2019-07-15 06:24:06.926723','297','Comment object (297)',3,'',17,13),(120,'2019-07-15 06:24:06.933728','296','Comment object (296)',3,'',17,13),(121,'2019-07-15 06:24:06.949745','295','Comment object (295)',3,'',17,13),(122,'2019-07-15 06:24:06.958755','294','Comment object (294)',3,'',17,13),(123,'2019-07-15 06:24:06.966761','293','Comment object (293)',3,'',17,13),(124,'2019-07-15 06:24:06.975771','292','Comment object (292)',3,'',17,13),(125,'2019-07-15 06:24:06.984779','291','Comment object (291)',3,'',17,13),(126,'2019-07-15 06:24:06.994788','290','Comment object (290)',3,'',17,13),(127,'2019-07-15 06:24:07.003799','289','Comment object (289)',3,'',17,13),(128,'2019-07-15 06:24:07.013807','288','Comment object (288)',3,'',17,13),(129,'2019-07-15 06:24:07.021815','287','Comment object (287)',3,'',17,13),(130,'2019-07-15 06:24:07.031824','286','Comment object (286)',3,'',17,13),(131,'2019-07-15 06:24:07.039833','285','Comment object (285)',3,'',17,13),(132,'2019-07-15 06:24:07.048840','284','Comment object (284)',3,'',17,13),(133,'2019-07-15 06:24:07.056852','283','Comment object (283)',3,'',17,13),(134,'2019-07-15 06:24:07.065856','282','Comment object (282)',3,'',17,13),(135,'2019-07-15 06:24:07.073864','281','Comment object (281)',3,'',17,13),(136,'2019-07-15 06:24:07.081872','280','Comment object (280)',3,'',17,13),(137,'2019-07-15 06:24:07.090880','279','Comment object (279)',3,'',17,13),(138,'2019-07-15 06:24:07.098889','278','Comment object (278)',3,'',17,13),(139,'2019-07-15 06:24:07.107897','277','Comment object (277)',3,'',17,13),(140,'2019-07-15 06:24:07.118909','276','Comment object (276)',3,'',17,13),(141,'2019-07-15 06:24:07.126914','275','Comment object (275)',3,'',17,13),(142,'2019-07-15 06:24:07.134923','274','Comment object (274)',3,'',17,13),(143,'2019-07-15 06:24:07.143931','273','Comment object (273)',3,'',17,13),(144,'2019-07-15 06:24:07.151941','272','Comment object (272)',3,'',17,13),(145,'2019-07-15 06:24:07.157945','271','Comment object (271)',3,'',17,13),(146,'2019-07-15 06:24:07.166955','270','Comment object (270)',3,'',17,13),(147,'2019-07-15 06:24:07.174962','269','Comment object (269)',3,'',17,13),(148,'2019-07-15 06:24:07.184970','268','Comment object (268)',3,'',17,13),(149,'2019-07-15 06:24:07.193979','267','Comment object (267)',3,'',17,13),(150,'2019-07-15 06:24:07.201987','266','Comment object (266)',3,'',17,13),(151,'2019-07-15 06:24:07.209995','265','Comment object (265)',3,'',17,13),(152,'2019-07-15 06:24:07.218002','264','Comment object (264)',3,'',17,13),(153,'2019-07-15 06:24:07.226009','263','Comment object (263)',3,'',17,13),(154,'2019-07-15 06:24:07.235019','262','Comment object (262)',3,'',17,13),(155,'2019-07-15 06:24:07.242025','261','Comment object (261)',3,'',17,13),(156,'2019-07-15 06:24:07.250033','260','Comment object (260)',3,'',17,13),(157,'2019-07-15 06:24:07.256038','259','Comment object (259)',3,'',17,13),(158,'2019-07-15 06:24:07.264046','258','Comment object (258)',3,'',17,13),(159,'2019-07-15 06:24:07.273055','257','Comment object (257)',3,'',17,13),(160,'2019-07-15 06:24:07.285067','256','Comment object (256)',3,'',17,13),(161,'2019-07-15 06:24:07.294075','255','Comment object (255)',3,'',17,13),(162,'2019-07-15 06:24:07.304084','254','Comment object (254)',3,'',17,13),(163,'2019-07-15 06:24:07.314094','253','Comment object (253)',3,'',17,13),(164,'2019-07-15 06:24:07.322102','252','Comment object (252)',3,'',17,13),(165,'2019-07-15 06:24:07.330111','251','Comment object (251)',3,'',17,13),(166,'2019-07-15 06:24:07.339118','250','Comment object (250)',3,'',17,13),(167,'2019-07-15 06:24:07.348127','249','Comment object (249)',3,'',17,13),(168,'2019-07-15 06:24:07.356135','248','Comment object (248)',3,'',17,13),(169,'2019-07-15 06:24:07.367145','247','Comment object (247)',3,'',17,13),(170,'2019-07-15 06:24:07.375153','246','Comment object (246)',3,'',17,13),(171,'2019-07-15 06:24:07.383160','245','Comment object (245)',3,'',17,13),(172,'2019-07-15 06:24:07.391168','244','Comment object (244)',3,'',17,13),(173,'2019-07-15 06:24:07.399176','243','Comment object (243)',3,'',17,13),(174,'2019-07-15 06:24:07.408185','242','Comment object (242)',3,'',17,13),(175,'2019-07-15 06:24:07.416192','241','Comment object (241)',3,'',17,13),(176,'2019-07-15 06:24:07.424200','240','Comment object (240)',3,'',17,13),(177,'2019-07-15 06:24:07.433209','239','Comment object (239)',3,'',17,13),(178,'2019-07-15 06:24:07.441216','238','Comment object (238)',3,'',17,13),(179,'2019-07-15 06:24:07.447222','237','Comment object (237)',3,'',17,13),(180,'2019-07-15 06:24:07.455230','236','Comment object (236)',3,'',17,13),(181,'2019-07-15 06:24:07.463237','235','Comment object (235)',3,'',17,13),(182,'2019-07-15 06:24:07.469245','234','Comment object (234)',3,'',17,13),(183,'2019-07-15 06:24:07.477252','233','Comment object (233)',3,'',17,13),(184,'2019-07-15 06:24:07.486260','232','Comment object (232)',3,'',17,13),(185,'2019-07-15 06:24:07.495268','231','Comment object (231)',3,'',17,13),(186,'2019-07-15 06:24:07.503277','230','Comment object (230)',3,'',17,13),(187,'2019-07-15 06:24:07.511283','229','Comment object (229)',3,'',17,13),(188,'2019-07-15 06:24:07.520292','228','Comment object (228)',3,'',17,13),(189,'2019-07-15 06:24:07.528299','227','Comment object (227)',3,'',17,13),(190,'2019-07-15 06:24:07.535306','226','Comment object (226)',3,'',17,13),(191,'2019-07-15 06:24:07.544314','225','Comment object (225)',3,'',17,13),(192,'2019-07-15 06:24:07.553325','224','Comment object (224)',3,'',17,13),(193,'2019-07-15 06:24:07.561332','223','Comment object (223)',3,'',17,13),(194,'2019-07-15 06:24:07.569339','222','Comment object (222)',3,'',17,13),(195,'2019-07-15 06:24:07.580351','221','Comment object (221)',3,'',17,13),(196,'2019-07-15 06:24:07.590359','220','Comment object (220)',3,'',17,13),(197,'2019-07-15 06:24:07.598367','219','Comment object (219)',3,'',17,13),(198,'2019-07-15 06:24:07.607375','218','Comment object (218)',3,'',17,13),(199,'2019-07-15 06:24:07.615384','217','Comment object (217)',3,'',17,13),(200,'2019-07-15 06:24:07.624392','216','Comment object (216)',3,'',17,13),(201,'2019-07-15 06:24:07.632400','215','Comment object (215)',3,'',17,13),(202,'2019-07-15 06:24:07.641408','214','Comment object (214)',3,'',17,13),(203,'2019-07-15 06:24:07.649416','213','Comment object (213)',3,'',17,13),(204,'2019-07-15 06:24:07.660426','212','Comment object (212)',3,'',17,13),(205,'2019-07-15 06:24:07.667433','211','Comment object (211)',3,'',17,13),(206,'2019-07-15 06:24:07.676442','210','Comment object (210)',3,'',17,13),(207,'2019-07-15 06:24:07.684449','209','Comment object (209)',3,'',17,13),(208,'2019-07-15 06:24:07.693460','208','Comment object (208)',3,'',17,13),(209,'2019-07-15 06:24:14.847318','207','Comment object (207)',3,'',17,13),(210,'2019-07-15 06:24:14.864335','206','Comment object (206)',3,'',17,13),(211,'2019-07-15 06:24:14.870343','205','Comment object (205)',3,'',17,13),(212,'2019-07-15 06:24:14.879369','204','Comment object (204)',3,'',17,13),(213,'2019-07-15 06:24:14.887376','203','Comment object (203)',3,'',17,13),(214,'2019-07-15 06:24:14.896366','202','Comment object (202)',3,'',17,13),(215,'2019-07-15 06:24:14.902372','201','Comment object (201)',3,'',17,13),(216,'2019-07-15 06:24:14.910381','200','Comment object (200)',3,'',17,13),(217,'2019-07-15 06:24:14.918387','199','Comment object (199)',3,'',17,13),(218,'2019-07-15 06:24:14.926400','198','Comment object (198)',3,'',17,13),(219,'2019-07-15 06:24:14.936404','197','Comment object (197)',3,'',17,13),(220,'2019-07-15 06:24:14.945414','196','Comment object (196)',3,'',17,13),(221,'2019-07-15 06:24:14.953420','195','Comment object (195)',3,'',17,13),(222,'2019-07-15 06:24:14.961428','194','Comment object (194)',3,'',17,13),(223,'2019-07-15 06:24:14.967435','193','Comment object (193)',3,'',17,13),(224,'2019-07-15 06:24:14.975443','192','Comment object (192)',3,'',17,13),(225,'2019-07-15 06:24:14.984450','191','Comment object (191)',3,'',17,13),(226,'2019-07-15 06:24:14.992458','190','Comment object (190)',3,'',17,13),(227,'2019-07-15 06:24:15.000467','189','Comment object (189)',3,'',17,13),(228,'2019-07-15 06:24:15.008473','188','Comment object (188)',3,'',17,13),(229,'2019-07-15 06:24:15.016481','187','Comment object (187)',3,'',17,13),(230,'2019-07-15 06:24:15.024489','186','Comment object (186)',3,'',17,13),(231,'2019-07-15 06:24:15.032498','185','Comment object (185)',3,'',17,13),(232,'2019-07-15 06:24:15.040504','184','Comment object (184)',3,'',17,13),(233,'2019-07-15 06:24:15.050514','183','Comment object (183)',3,'',17,13),(234,'2019-07-15 06:24:15.058521','182','Comment object (182)',3,'',17,13),(235,'2019-07-15 06:24:15.067530','181','Comment object (181)',3,'',17,13),(236,'2019-07-15 06:24:15.075538','180','Comment object (180)',3,'',17,13),(237,'2019-07-15 06:24:15.083545','179','Comment object (179)',3,'',17,13),(238,'2019-07-15 06:24:15.089551','178','Comment object (178)',3,'',17,13),(239,'2019-07-15 06:24:15.095560','177','Comment object (177)',3,'',17,13),(240,'2019-07-15 06:24:15.103564','176','Comment object (176)',3,'',17,13),(241,'2019-07-15 06:24:15.110572','175','Comment object (175)',3,'',17,13),(242,'2019-07-15 06:24:15.118578','174','Comment object (174)',3,'',17,13),(243,'2019-07-15 06:24:15.124584','173','Comment object (173)',3,'',17,13),(244,'2019-07-15 06:24:15.132594','172','Comment object (172)',3,'',17,13),(245,'2019-07-15 06:24:15.140600','171','Comment object (171)',3,'',17,13),(246,'2019-07-15 06:24:15.148609','170','Comment object (170)',3,'',17,13),(247,'2019-07-15 06:24:15.156617','169','Comment object (169)',3,'',17,13),(248,'2019-07-15 06:24:15.163623','168','Comment object (168)',3,'',17,13),(249,'2019-07-15 06:24:15.169629','167','Comment object (167)',3,'',17,13),(250,'2019-07-15 06:24:15.176635','166','Comment object (166)',3,'',17,13),(251,'2019-07-15 06:24:15.184642','165','Comment object (165)',3,'',17,13),(252,'2019-07-15 06:24:15.190648','164','Comment object (164)',3,'',17,13),(253,'2019-07-15 06:24:15.201659','163','Comment object (163)',3,'',17,13),(254,'2019-07-15 06:24:15.210667','162','Comment object (162)',3,'',17,13),(255,'2019-07-15 06:24:15.219676','161','Comment object (161)',3,'',17,13),(256,'2019-07-15 06:24:15.226683','160','Comment object (160)',3,'',17,13),(257,'2019-07-15 06:24:15.232688','159','Comment object (159)',3,'',17,13),(258,'2019-07-15 06:24:15.240697','158','Comment object (158)',3,'',17,13),(259,'2019-07-15 06:24:15.246703','157','Comment object (157)',3,'',17,13),(260,'2019-07-15 06:24:15.253709','156','Comment object (156)',3,'',17,13),(261,'2019-07-15 06:24:15.262717','155','Comment object (155)',3,'',17,13),(262,'2019-07-15 06:24:15.270725','154','Comment object (154)',3,'',17,13),(263,'2019-07-15 06:24:15.278733','153','Comment object (153)',3,'',17,13),(264,'2019-07-15 06:24:15.286740','152','Comment object (152)',3,'',17,13),(265,'2019-07-15 06:24:15.294748','151','Comment object (151)',3,'',17,13),(266,'2019-07-15 06:24:15.304758','150','Comment object (150)',3,'',17,13),(267,'2019-07-15 06:24:15.310763','149','Comment object (149)',3,'',17,13),(268,'2019-07-15 06:24:15.316770','148','Comment object (148)',3,'',17,13),(269,'2019-07-15 06:24:15.325778','147','Comment object (147)',3,'',17,13),(270,'2019-07-15 06:24:15.336788','146','Comment object (146)',3,'',17,13),(271,'2019-07-15 06:24:15.344796','145','Comment object (145)',3,'',17,13),(272,'2019-07-15 06:24:15.353805','144','Comment object (144)',3,'',17,13),(273,'2019-07-15 06:24:15.362814','143','Comment object (143)',3,'',17,13),(274,'2019-07-15 06:24:15.370821','142','Comment object (142)',3,'',17,13),(275,'2019-07-15 06:24:15.378829','141','Comment object (141)',3,'',17,13),(276,'2019-07-15 06:24:15.387838','140','Comment object (140)',3,'',17,13),(277,'2019-07-15 06:24:15.397847','139','Comment object (139)',3,'',17,13),(278,'2019-07-15 06:24:15.406856','138','Comment object (138)',3,'',17,13),(279,'2019-07-15 06:24:15.416865','137','Comment object (137)',3,'',17,13),(280,'2019-07-15 06:24:15.423872','136','Comment object (136)',3,'',17,13),(281,'2019-07-15 06:24:15.430880','135','Comment object (135)',3,'',17,13),(282,'2019-07-15 06:24:15.439887','134','Comment object (134)',3,'',17,13),(283,'2019-07-15 06:24:15.448896','133','Comment object (133)',3,'',17,13),(284,'2019-07-15 06:24:15.456904','132','Comment object (132)',3,'',17,13),(285,'2019-07-15 06:24:15.464912','131','Comment object (131)',3,'',17,13),(286,'2019-07-15 06:24:15.476923','130','Comment object (130)',3,'',17,13),(287,'2019-07-15 06:24:15.484930','129','Comment object (129)',3,'',17,13),(288,'2019-07-15 06:24:15.493939','128','Comment object (128)',3,'',17,13),(289,'2019-07-15 06:24:15.501947','127','Comment object (127)',3,'',17,13),(290,'2019-07-15 06:24:15.507952','126','Comment object (126)',3,'',17,13),(291,'2019-07-15 06:24:15.516964','125','Comment object (125)',3,'',17,13),(292,'2019-07-15 06:24:15.525970','124','Comment object (124)',3,'',17,13),(293,'2019-07-15 06:24:15.534978','123','Comment object (123)',3,'',17,13),(294,'2019-07-15 06:24:15.543986','122','Comment object (122)',3,'',17,13),(295,'2019-07-15 06:24:15.552996','121','Comment object (121)',3,'',17,13),(296,'2019-07-15 06:24:15.563005','120','Comment object (120)',3,'',17,13),(297,'2019-07-15 06:24:15.570013','119','Comment object (119)',3,'',17,13),(298,'2019-07-15 06:24:15.579022','118','Comment object (118)',3,'',17,13),(299,'2019-07-15 06:24:15.588030','117','Comment object (117)',3,'',17,13),(300,'2019-07-15 06:24:15.596038','116','Comment object (116)',3,'',17,13),(301,'2019-07-15 06:24:15.603046','115','Comment object (115)',3,'',17,13),(302,'2019-07-15 06:24:15.612052','114','Comment object (114)',3,'',17,13),(303,'2019-07-15 06:24:15.620061','113','Comment object (113)',3,'',17,13),(304,'2019-07-15 06:24:15.628068','112','Comment object (112)',3,'',17,13),(305,'2019-07-15 06:24:15.636077','111','Comment object (111)',3,'',17,13),(306,'2019-07-15 06:24:15.644084','110','Comment object (110)',3,'',17,13),(307,'2019-07-15 06:24:15.654093','109','Comment object (109)',3,'',17,13),(308,'2019-07-15 06:24:15.663101','108','Comment object (108)',3,'',17,13),(309,'2019-07-15 06:24:21.327536','107','Comment object (107)',3,'',17,13),(310,'2019-07-15 06:24:21.345552','106','Comment object (106)',3,'',17,13),(311,'2019-07-15 06:24:21.354561','105','Comment object (105)',3,'',17,13),(312,'2019-07-15 06:24:21.362569','104','Comment object (104)',3,'',17,13),(313,'2019-07-15 06:24:21.371577','103','Comment object (103)',3,'',17,13),(314,'2019-07-15 06:24:21.380585','102','Comment object (102)',3,'',17,13),(315,'2019-07-15 06:24:21.389593','101','Comment object (101)',3,'',17,13),(316,'2019-07-15 06:24:21.398605','100','Comment object (100)',3,'',17,13),(317,'2019-07-15 06:24:21.405609','99','Comment object (99)',3,'',17,13),(318,'2019-07-15 06:24:21.414619','98','Comment object (98)',3,'',17,13),(319,'2019-07-15 06:24:21.421624','97','Comment object (97)',3,'',17,13),(320,'2019-07-15 06:24:21.432635','96','Comment object (96)',3,'',17,13),(321,'2019-07-15 06:24:21.441643','95','Comment object (95)',3,'',17,13),(322,'2019-07-15 06:24:21.449651','94','Comment object (94)',3,'',17,13),(323,'2019-07-15 06:24:21.458660','93','Comment object (93)',3,'',17,13),(324,'2019-07-15 06:24:21.467670','92','Comment object (92)',3,'',17,13),(325,'2019-07-15 06:24:21.478679','91','Comment object (91)',3,'',17,13),(326,'2019-07-15 06:24:21.484686','90','Comment object (90)',3,'',17,13),(327,'2019-07-15 06:24:21.493693','89','Comment object (89)',3,'',17,13),(328,'2019-07-15 06:24:21.504704','88','Comment object (88)',3,'',17,13),(329,'2019-07-15 06:24:21.511712','87','Comment object (87)',3,'',17,13),(330,'2019-07-15 06:24:21.518718','86','Comment object (86)',3,'',17,13),(331,'2019-07-15 06:24:21.525725','85','Comment object (85)',3,'',17,13),(332,'2019-07-15 06:24:21.533733','84','Comment object (84)',3,'',17,13),(333,'2019-07-15 06:24:21.541740','83','Comment object (83)',3,'',17,13),(334,'2019-07-15 06:24:21.549752','82','Comment object (82)',3,'',17,13),(335,'2019-07-15 06:24:21.555752','81','Comment object (81)',3,'',17,13),(336,'2019-07-15 06:24:21.564762','80','Comment object (80)',3,'',17,13),(337,'2019-07-15 06:24:21.574772','79','Comment object (79)',3,'',17,13),(338,'2019-07-15 06:24:21.582780','78','Comment object (78)',3,'',17,13),(339,'2019-07-15 06:24:21.590788','77','Comment object (77)',3,'',17,13),(340,'2019-07-15 06:24:21.601797','76','Comment object (76)',3,'',17,13),(341,'2019-07-15 06:24:21.609805','75','Comment object (75)',3,'',17,13),(342,'2019-07-15 06:24:21.618813','74','Comment object (74)',3,'',17,13),(343,'2019-07-15 06:24:21.626820','73','Comment object (73)',3,'',17,13),(344,'2019-07-15 06:24:21.634828','72','Comment object (72)',3,'',17,13),(345,'2019-07-15 06:24:21.642839','71','Comment object (71)',3,'',17,13),(346,'2019-07-15 06:24:21.650843','70','Comment object (70)',3,'',17,13),(347,'2019-07-15 06:24:21.659853','69','Comment object (69)',3,'',17,13),(348,'2019-07-15 06:24:21.665858','68','Comment object (68)',3,'',17,13),(349,'2019-07-15 06:24:21.673865','67','Comment object (67)',3,'',17,13),(350,'2019-07-15 06:24:21.685878','66','Comment object (66)',3,'',17,13),(351,'2019-07-15 06:24:21.691884','65','Comment object (65)',3,'',17,13),(352,'2019-07-15 06:24:21.701892','64','Comment object (64)',3,'',17,13),(353,'2019-07-15 06:24:21.710901','63','Comment object (63)',3,'',17,13),(354,'2019-07-16 11:25:10.352728','3','Like object (3)',3,'',18,13),(355,'2019-07-16 11:25:10.369783','2','Like object (2)',3,'',18,13),(356,'2019-07-16 11:32:44.608426','703','Comment object (703)',3,'',17,13),(357,'2019-07-16 11:32:44.631448','697','Comment object (697)',3,'',17,13),(358,'2019-07-16 11:32:44.642459','696','Comment object (696)',3,'',17,13),(359,'2019-07-16 11:32:44.655471','695','Comment object (695)',3,'',17,13),(360,'2019-07-16 11:32:44.662478','694','Comment object (694)',3,'',17,13),(361,'2019-07-16 11:32:44.671490','693','Comment object (693)',3,'',17,13),(362,'2019-07-16 14:35:17.480860','742','Comment object (742)',3,'',17,13),(363,'2019-07-16 14:35:17.489852','741','Comment object (741)',3,'',17,13),(364,'2019-07-16 14:35:17.497857','740','Comment object (740)',3,'',17,13),(365,'2019-07-16 14:35:17.505865','739','Comment object (739)',3,'',17,13),(366,'2019-07-16 14:35:17.526905','738','Comment object (738)',3,'',17,13),(367,'2019-07-16 14:35:17.536898','737','Comment object (737)',3,'',17,13),(368,'2019-07-16 14:35:17.545903','736','Comment object (736)',3,'',17,13),(369,'2019-07-16 14:35:17.553931','735','Comment object (735)',3,'',17,13),(370,'2019-07-16 14:35:17.560917','734','Comment object (734)',3,'',17,13),(371,'2019-07-16 14:35:17.568926','733','Comment object (733)',3,'',17,13),(372,'2019-07-16 14:35:17.577954','732','Comment object (732)',3,'',17,13),(373,'2019-07-16 14:35:17.584941','731','Comment object (731)',3,'',17,13),(374,'2019-07-16 14:35:17.592948','730','Comment object (730)',3,'',17,13),(375,'2019-07-16 14:35:17.601958','729','Comment object (729)',3,'',17,13),(376,'2019-07-16 14:35:17.609965','728','Comment object (728)',3,'',17,13),(377,'2019-07-16 14:35:17.615973','727','Comment object (727)',3,'',17,13),(378,'2019-07-16 14:35:17.623978','726','Comment object (726)',3,'',17,13),(379,'2019-07-16 14:35:17.630985','725','Comment object (725)',3,'',17,13),(380,'2019-07-16 14:35:17.638993','724','Comment object (724)',3,'',17,13),(381,'2019-07-16 14:35:17.648002','723','Comment object (723)',3,'',17,13),(382,'2019-07-16 14:35:17.657010','722','Comment object (722)',3,'',17,13),(383,'2019-07-16 14:35:17.666018','721','Comment object (721)',3,'',17,13),(384,'2019-07-16 14:35:17.673025','718','Comment object (718)',3,'',17,13),(385,'2019-07-16 14:35:17.681034','717','Comment object (717)',3,'',17,13),(386,'2019-07-16 14:35:17.690042','716','Comment object (716)',3,'',17,13),(387,'2019-07-16 14:35:17.696049','715','Comment object (715)',3,'',17,13),(388,'2019-07-16 14:35:17.702053','714','Comment object (714)',3,'',17,13),(389,'2019-07-16 14:35:17.711063','713','Comment object (713)',3,'',17,13),(390,'2019-07-16 14:35:17.719069','712','Comment object (712)',3,'',17,13),(391,'2019-07-16 14:35:17.726077','711','Comment object (711)',3,'',17,13),(392,'2019-07-16 14:35:17.733084','710','Comment object (710)',3,'',17,13),(393,'2019-07-16 14:35:17.748098','709','Comment object (709)',3,'',17,13),(394,'2019-07-16 14:35:17.754104','708','Comment object (708)',3,'',17,13),(395,'2019-07-17 11:10:22.312047','1','ProfileCollectBlog object (1)',1,'[{\"added\": {}}]',19,13);
/*!40000 ALTER TABLE `django_admin_log` ENABLE KEYS */;
UNLOCK TABLES;

--
-- Table structure for table `django_content_type`
--

DROP TABLE IF EXISTS `django_content_type`;
/*!40101 SET @saved_cs_client     = @@character_set_client */;
/*!40101 SET character_set_client = utf8 */;
CREATE TABLE `django_content_type` (
  `id` int(11) NOT NULL AUTO_INCREMENT,
  `app_label` varchar(100) NOT NULL,
  `model` varchar(100) NOT NULL,
  PRIMARY KEY (`id`),
  UNIQUE KEY `django_content_type_app_label_model_76bd3d3b_uniq` (`app_label`,`model`)
) ENGINE=InnoDB AUTO_INCREMENT=21 DEFAULT CHARSET=utf8;
/*!40101 SET character_set_client = @saved_cs_client */;

--
-- Dumping data for table `django_content_type`
--

LOCK TABLES `django_content_type` WRITE;
/*!40000 ALTER TABLE `django_content_type` DISABLE KEYS */;
INSERT INTO `django_content_type` VALUES (8,'account','emailaddress'),(9,'account','emailconfirmation'),(1,'admin','logentry'),(3,'auth','group'),(2,'auth','permission'),(4,'auth','user'),(16,'blog','blog'),(15,'blog','blogtag'),(20,'collection','collection'),(17,'comment','comment'),(5,'contenttypes','contenttype'),(18,'like','like'),(13,'myuser','profile'),(19,'myuser','profilecollectblog'),(14,'myuser','verifycode'),(6,'sessions','session'),(7,'sites','site'),(10,'socialaccount','socialaccount'),(11,'socialaccount','socialapp'),(12,'socialaccount','socialtoken');
/*!40000 ALTER TABLE `django_content_type` ENABLE KEYS */;
UNLOCK TABLES;

--
-- Table structure for table `django_migrations`
--

DROP TABLE IF EXISTS `django_migrations`;
/*!40101 SET @saved_cs_client     = @@character_set_client */;
/*!40101 SET character_set_client = utf8 */;
CREATE TABLE `django_migrations` (
  `id` int(11) NOT NULL AUTO_INCREMENT,
  `app` varchar(255) NOT NULL,
  `name` varchar(255) NOT NULL,
  `applied` datetime(6) NOT NULL,
  PRIMARY KEY (`id`)
) ENGINE=InnoDB AUTO_INCREMENT=47 DEFAULT CHARSET=utf8;
/*!40101 SET character_set_client = @saved_cs_client */;

--
-- Dumping data for table `django_migrations`
--

LOCK TABLES `django_migrations` WRITE;
/*!40000 ALTER TABLE `django_migrations` DISABLE KEYS */;
INSERT INTO `django_migrations` VALUES (1,'contenttypes','0001_initial','2019-07-04 06:15:58.486966'),(2,'auth','0001_initial','2019-07-04 06:15:59.183655'),(3,'account','0001_initial','2019-07-04 06:16:01.335700'),(4,'account','0002_email_max_length','2019-07-04 06:16:01.967308'),(5,'admin','0001_initial','2019-07-04 06:16:02.137471'),(6,'admin','0002_logentry_remove_auto_add','2019-07-04 06:16:02.566884'),(7,'admin','0003_logentry_add_action_flag_choices','2019-07-04 06:16:02.595929'),(8,'contenttypes','0002_remove_content_type_name','2019-07-04 06:16:02.922241'),(9,'auth','0002_alter_permission_name_max_length','2019-07-04 06:16:03.131443'),(10,'auth','0003_alter_user_email_max_length','2019-07-04 06:16:03.354639'),(11,'auth','0004_alter_user_username_opts','2019-07-04 06:16:03.374659'),(12,'auth','0005_alter_user_last_login_null','2019-07-04 06:16:03.542838'),(13,'auth','0006_require_contenttypes_0002','2019-07-04 06:16:03.560854'),(14,'auth','0007_alter_validators_add_error_messages','2019-07-04 06:16:03.588881'),(15,'auth','0008_alter_user_username_max_length','2019-07-04 06:16:03.789057'),(16,'auth','0009_alter_user_last_name_max_length','2019-07-04 06:16:04.014273'),(17,'auth','0010_alter_group_name_max_length','2019-07-04 06:16:04.295560'),(18,'auth','0011_update_proxy_permissions','2019-07-04 06:16:04.318565'),(19,'sessions','0001_initial','2019-07-04 06:16:04.425668'),(20,'sites','0001_initial','2019-07-04 06:16:04.616849'),(21,'sites','0002_alter_domain_unique','2019-07-04 06:16:04.696926'),(22,'socialaccount','0001_initial','2019-07-04 06:16:05.295500'),(23,'socialaccount','0002_token_max_lengths','2019-07-04 06:16:06.635788'),(24,'socialaccount','0003_extra_data_default_dict','2019-07-04 06:16:06.661830'),(25,'myuser','0001_initial','2019-07-04 07:54:29.096199'),(26,'myuser','0002_auto_20190704_1600','2019-07-04 08:00:54.535685'),(27,'myuser','0003_remove_profile_location','2019-07-04 09:19:41.033472'),(28,'myuser','0004_verifycode','2019-07-05 05:57:23.610454'),(29,'myuser','0005_verifycode_used','2019-07-05 08:43:13.235207'),(30,'myuser','0006_auto_20190708_1348','2019-07-08 05:49:00.477512'),(31,'myuser','0007_verifycode_action','2019-07-09 07:48:24.928634'),(32,'blog','0001_initial','2019-07-09 09:31:49.235545'),(33,'blog','0002_auto_20190710_1004','2019-07-10 02:04:51.227429'),(34,'comment','0001_initial','2019-07-11 01:57:52.262867'),(35,'comment','0002_remove_comment_is_first_comment','2019-07-11 02:54:00.859995'),(36,'comment','0003_auto_20190711_1055','2019-07-11 02:55:03.140493'),(37,'comment','0004_auto_20190711_1303','2019-07-11 05:03:39.013704'),(38,'comment','0005_comment_top_comment','2019-07-11 05:38:44.065952'),(39,'comment','0006_auto_20190715_1409','2019-07-15 06:09:55.160806'),(40,'comment','0007_auto_20190715_1410','2019-07-15 06:10:34.410958'),(41,'like','0001_initial','2019-07-15 17:28:06.840198'),(42,'like','0002_like_total','2019-07-16 14:36:58.370063'),(43,'like','0003_remove_like_total','2019-07-16 14:42:24.286100'),(44,'myuser','0008_auto_20190716_1703','2019-07-16 17:04:04.957941'),(45,'myuser','0009_auto_20190717_1154','2019-07-17 11:54:54.693892'),(46,'collection','0001_initial','2019-07-17 13:41:00.821184');
/*!40000 ALTER TABLE `django_migrations` ENABLE KEYS */;
UNLOCK TABLES;

--
-- Table structure for table `django_session`
--

DROP TABLE IF EXISTS `django_session`;
/*!40101 SET @saved_cs_client     = @@character_set_client */;
/*!40101 SET character_set_client = utf8 */;
CREATE TABLE `django_session` (
  `session_key` varchar(40) NOT NULL,
  `session_data` longtext NOT NULL,
  `expire_date` datetime(6) NOT NULL,
  PRIMARY KEY (`session_key`),
  KEY `django_session_expire_date_a5c62663` (`expire_date`)
) ENGINE=InnoDB DEFAULT CHARSET=utf8;
/*!40101 SET character_set_client = @saved_cs_client */;

--
-- Dumping data for table `django_session`
--

LOCK TABLES `django_session` WRITE;
/*!40000 ALTER TABLE `django_session` DISABLE KEYS */;
INSERT INTO `django_session` VALUES ('06ure9l96gvjavfdv8jywww1i7rgdu1j','ZjllMTlhOTJjMzEzZTFkZGQyZDVmNzdhZDBkNmI5NWI2ZjZlZmExYjp7Il9hdXRoX3VzZXJfaWQiOiIxMyIsIl9hdXRoX3VzZXJfYmFja2VuZCI6ImRqYW5nby5jb250cmliLmF1dGguYmFja2VuZHMuTW9kZWxCYWNrZW5kIiwiX2F1dGhfdXNlcl9oYXNoIjoiNzdjODI2NDYwMjUxNTAyOTYzZGFkMjdkZDdhMjNiOTRhZWVjNDhjMSIsImFkbWluX2xvZ2luIjp0cnVlLCJfc2Vzc2lvbl9leHBpcnkiOjEyMDk2MDB9','2019-07-31 14:03:15.057397'),('0emfbwq79178sf6o175zxcikl2v1odyu','NmE1MjNjNWI4OWNkNGVjYTg5N2IzNDA5MThmNjhlZmI3OWI2NjY2NTp7Il9hdXRoX3VzZXJfaWQiOiIxIiwiX2F1dGhfdXNlcl9iYWNrZW5kIjoiZGphbmdvLmNvbnRyaWIuYXV0aC5iYWNrZW5kcy5Nb2RlbEJhY2tlbmQiLCJfYXV0aF91c2VyX2hhc2giOiIwNjgyNzE0ODhlMGFlYmI4NGZhZmNjZTMyOWQ4ZWNjYTA4NTYwMDFhIn0=','2019-07-08 05:19:31.619601'),('0sdttyicdlur62mvqc9jlngr96zwt4yw','NmE1MjNjNWI4OWNkNGVjYTg5N2IzNDA5MThmNjhlZmI3OWI2NjY2NTp7Il9hdXRoX3VzZXJfaWQiOiIxIiwiX2F1dGhfdXNlcl9iYWNrZW5kIjoiZGphbmdvLmNvbnRyaWIuYXV0aC5iYWNrZW5kcy5Nb2RlbEJhY2tlbmQiLCJfYXV0aF91c2VyX2hhc2giOiIwNjgyNzE0ODhlMGFlYmI4NGZhZmNjZTMyOWQ4ZWNjYTA4NTYwMDFhIn0=','2019-07-08 03:21:01.586130'),('406t8t6bpgro28vg83vy3jq2ukw67vfb','ODVhMTliY2UzZTQ1ODdjNjM5MDFkYjlmYmYzYmJhMDBmZjA1MjM0NDp7fQ==','2019-07-08 07:12:20.407680'),('4e3ttg3w2nk22ppz2di19sc9xkzltf0v','ODVhMTliY2UzZTQ1ODdjNjM5MDFkYjlmYmYzYmJhMDBmZjA1MjM0NDp7fQ==','2019-07-09 07:32:31.987461'),('58iuj70b6uelapqw0xkppggghdjjuoq1','ODVhMTliY2UzZTQ1ODdjNjM5MDFkYjlmYmYzYmJhMDBmZjA1MjM0NDp7fQ==','2019-07-09 07:33:13.958954'),('a3rjittgqyfmsiku0tm4owza571holn2','ODVhMTliY2UzZTQ1ODdjNjM5MDFkYjlmYmYzYmJhMDBmZjA1MjM0NDp7fQ==','2019-07-08 07:11:31.932798'),('cmv548qy7u7iyhuhok5shatnz46z1c2w','ODVhMTliY2UzZTQ1ODdjNjM5MDFkYjlmYmYzYmJhMDBmZjA1MjM0NDp7fQ==','2019-07-08 07:09:37.344211'),('emv75zdcdc6mzbgmrnnferko6mv50n8u','ODVhMTliY2UzZTQ1ODdjNjM5MDFkYjlmYmYzYmJhMDBmZjA1MjM0NDp7fQ==','2019-07-08 07:10:41.485079'),('foo3r81sntoq4sxw7wjbpgjnp7rd5lso','NmE1MjNjNWI4OWNkNGVjYTg5N2IzNDA5MThmNjhlZmI3OWI2NjY2NTp7Il9hdXRoX3VzZXJfaWQiOiIxIiwiX2F1dGhfdXNlcl9iYWNrZW5kIjoiZGphbmdvLmNvbnRyaWIuYXV0aC5iYWNrZW5kcy5Nb2RlbEJhY2tlbmQiLCJfYXV0aF91c2VyX2hhc2giOiIwNjgyNzE0ODhlMGFlYmI4NGZhZmNjZTMyOWQ4ZWNjYTA4NTYwMDFhIn0=','2019-07-08 05:04:57.345613'),('giqy6yit2p3g4sxvvammovti4pdzwjk9','ODVhMTliY2UzZTQ1ODdjNjM5MDFkYjlmYmYzYmJhMDBmZjA1MjM0NDp7fQ==','2019-07-09 07:39:05.654360'),('h7oea2fg44axs6i0mamh5dqdnvqoaq22','ODVhMTliY2UzZTQ1ODdjNjM5MDFkYjlmYmYzYmJhMDBmZjA1MjM0NDp7fQ==','2019-07-09 07:31:16.442947'),('hhdl05f1dti7my12ma7y5os8d7bp895b','NmE1MjNjNWI4OWNkNGVjYTg5N2IzNDA5MThmNjhlZmI3OWI2NjY2NTp7Il9hdXRoX3VzZXJfaWQiOiIxIiwiX2F1dGhfdXNlcl9iYWNrZW5kIjoiZGphbmdvLmNvbnRyaWIuYXV0aC5iYWNrZW5kcy5Nb2RlbEJhY2tlbmQiLCJfYXV0aF91c2VyX2hhc2giOiIwNjgyNzE0ODhlMGFlYmI4NGZhZmNjZTMyOWQ4ZWNjYTA4NTYwMDFhIn0=','2019-07-08 03:13:25.762790'),('jqgqqe0n0116t6j5gt1p5lj74eufggib','ZjllMTlhOTJjMzEzZTFkZGQyZDVmNzdhZDBkNmI5NWI2ZjZlZmExYjp7Il9hdXRoX3VzZXJfaWQiOiIxMyIsIl9hdXRoX3VzZXJfYmFja2VuZCI6ImRqYW5nby5jb250cmliLmF1dGguYmFja2VuZHMuTW9kZWxCYWNrZW5kIiwiX2F1dGhfdXNlcl9oYXNoIjoiNzdjODI2NDYwMjUxNTAyOTYzZGFkMjdkZDdhMjNiOTRhZWVjNDhjMSIsImFkbWluX2xvZ2luIjp0cnVlLCJfc2Vzc2lvbl9leHBpcnkiOjEyMDk2MDB9','2019-07-30 11:04:11.072262'),('k9um6tlcbhkuvq0a9s1w1ix3mruap6zc','ZTY3ODhjOThmYzg1ZTIyMWE2MjM2ZDQzNDg5ZjQ2OTRlNDE5OTkwZjp7Il9hdXRoX3VzZXJfaWQiOiIxMSIsIl9hdXRoX3VzZXJfYmFja2VuZCI6ImRqYW5nby5jb250cmliLmF1dGguYmFja2VuZHMuTW9kZWxCYWNrZW5kIiwiX2F1dGhfdXNlcl9oYXNoIjoiMGM5OWRkNTQ3MTE4NTUxNjgwNmVjMjBiN2RmNjk2ZDVlNTE2MGE0ZSIsInVzZXIxX2xvZ2luIjp0cnVlLCJfc2Vzc2lvbl9leHBpcnkiOjEyMDk2MDB9','2019-07-22 07:27:53.205702'),('llglnvifeg5l095st958dczd998u7hwm','ZjBhN2Y3OGE5MzU4Yzk1ODI5MjI5Yzc1ZGVjNzM5ZDQyNzEwZmFkZTp7Il9hdXRoX3VzZXJfaWQiOiI4IiwiX2F1dGhfdXNlcl9iYWNrZW5kIjoiZGphbmdvLmNvbnRyaWIuYXV0aC5iYWNrZW5kcy5Nb2RlbEJhY2tlbmQiLCJfYXV0aF91c2VyX2hhc2giOiJmMjZiN2ZjODk5NTZhZWZlOTZkZWQ3ODIwMTRkZDVmMzIwNmE1OTgyIn0=','2019-07-08 03:01:33.809130'),('oxaxw10z4yeg37xsqzwwcjjcx2iifgb2','NTkyOWZmNDhhNTQwZWE0M2YzODlhNDFlNTA4ZGM3ZmJhY2M3ZDNhZTp7ImNvZGVfZm9yXyI6IklnSEFhOCIsImNvZGVfZm9yXzExMzAwODAyMzhAcXEuY29tIjoiR2MyWUtnIn0=','2019-07-08 02:16:02.657678'),('podmmsxccbpqa8z3bphqrxcw1hmlrtjc','NmE1MjNjNWI4OWNkNGVjYTg5N2IzNDA5MThmNjhlZmI3OWI2NjY2NTp7Il9hdXRoX3VzZXJfaWQiOiIxIiwiX2F1dGhfdXNlcl9iYWNrZW5kIjoiZGphbmdvLmNvbnRyaWIuYXV0aC5iYWNrZW5kcy5Nb2RlbEJhY2tlbmQiLCJfYXV0aF91c2VyX2hhc2giOiIwNjgyNzE0ODhlMGFlYmI4NGZhZmNjZTMyOWQ4ZWNjYTA4NTYwMDFhIn0=','2019-07-08 03:39:05.292878'),('qrneq09otmslld8mldbtl9c2ckt71eq6','ODVhMTliY2UzZTQ1ODdjNjM5MDFkYjlmYmYzYmJhMDBmZjA1MjM0NDp7fQ==','2019-07-09 02:07:58.563192'),('rcffzrgywv96dhew8ch855qm8aw2iohk','NjUyOTVhYWY1ZTE0OTZkNzUwM2U2ZmZhMjUxODcwYzYwZGQ1YjY3ZDp7Il9hdXRoX3VzZXJfaWQiOiIxMSIsIl9hdXRoX3VzZXJfYmFja2VuZCI6ImRqYW5nby5jb250cmliLmF1dGguYmFja2VuZHMuTW9kZWxCYWNrZW5kIiwiX2F1dGhfdXNlcl9oYXNoIjoiMGM5OWRkNTQ3MTE4NTUxNjgwNmVjMjBiN2RmNjk2ZDVlNTE2MGE0ZSJ9','2019-07-08 07:19:29.079171'),('tl72yz48wurscpouz3djgrecg0h8x7yl','Y2UyZWU3MzRlNzU0N2Y3ZDdjM2Y2YjQ5MmJmN2IyYTYwNWUzOGJlYTp7ImNvZGVfZm9yXzExMzAwODAyMzhAcXEuY29tIjoiRDRKcEJtIn0=','2019-07-08 02:29:31.605690'),('upa00hshyy5dxt0sa2kgfzo0n3gwb20p','ODVhMTliY2UzZTQ1ODdjNjM5MDFkYjlmYmYzYmJhMDBmZjA1MjM0NDp7fQ==','2019-07-09 02:08:16.108266'),('uwocv7yx83l6zo4bpllkwan1oflojgqr','ZDM0YjM4MDVmNWYxMzQzZTM3ZjY0MjhmZTE0ZTRjOTI0MGZhMzNhMzp7ImNvZGVfZm9yXzExMzAwODAyMzhAcXEuY29tIjoiS3dGYTRVIn0=','2019-07-05 10:12:33.882818'),('wh8mi5h16xiwbd8j87tamrz8qy211fes','ODVhMTliY2UzZTQ1ODdjNjM5MDFkYjlmYmYzYmJhMDBmZjA1MjM0NDp7fQ==','2019-07-08 07:12:36.871994'),('wuxxm30qap10t8gfnuu4zrezvosvek0c','YzMxOWNhOGM0MTE0MmQ0ZjVlZjc2ZDc3OTc3NDBkNThhN2YzMWMxYjp7Il9hdXRoX3VzZXJfaWQiOiIxNSIsIl9hdXRoX3VzZXJfYmFja2VuZCI6ImRqYW5nby5jb250cmliLmF1dGguYmFja2VuZHMuTW9kZWxCYWNrZW5kIiwiX2F1dGhfdXNlcl9oYXNoIjoiMjdiYzA0ZDQ3YjY5YTQ3YWUxZGUyMDRmM2ZmMDJhMjU4Mjc5ZWUwMSIsInVzZXIxX2xvZ2luIjp0cnVlLCJfc2Vzc2lvbl9leHBpcnkiOjEyMDk2MDB9','2019-07-23 08:59:03.837984');
/*!40000 ALTER TABLE `django_session` ENABLE KEYS */;
UNLOCK TABLES;

--
-- Table structure for table `django_site`
--

DROP TABLE IF EXISTS `django_site`;
/*!40101 SET @saved_cs_client     = @@character_set_client */;
/*!40101 SET character_set_client = utf8 */;
CREATE TABLE `django_site` (
  `id` int(11) NOT NULL AUTO_INCREMENT,
  `domain` varchar(100) NOT NULL,
  `name` varchar(50) NOT NULL,
  PRIMARY KEY (`id`),
  UNIQUE KEY `django_site_domain_a2e37b91_uniq` (`domain`)
) ENGINE=InnoDB AUTO_INCREMENT=2 DEFAULT CHARSET=utf8;
/*!40101 SET character_set_client = @saved_cs_client */;

--
-- Dumping data for table `django_site`
--

LOCK TABLES `django_site` WRITE;
/*!40000 ALTER TABLE `django_site` DISABLE KEYS */;
INSERT INTO `django_site` VALUES (1,'example.com','example.com');
/*!40000 ALTER TABLE `django_site` ENABLE KEYS */;
UNLOCK TABLES;

--
-- Table structure for table `like_like`
--

DROP TABLE IF EXISTS `like_like`;
/*!40101 SET @saved_cs_client     = @@character_set_client */;
/*!40101 SET character_set_client = utf8 */;
CREATE TABLE `like_like` (
  `id` int(11) NOT NULL AUTO_INCREMENT,
  `object_id` int(10) unsigned NOT NULL,
  `create_time` datetime(6) NOT NULL,
  `content_type_id` int(11) NOT NULL,
  `liker_id` int(11) NOT NULL,
  PRIMARY KEY (`id`),
  KEY `like_like_content_type_id_f71df664_fk_django_content_type_id` (`content_type_id`),
  KEY `like_like_liker_id_63139a52_fk_auth_user_id` (`liker_id`),
  CONSTRAINT `like_like_content_type_id_f71df664_fk_django_content_type_id` FOREIGN KEY (`content_type_id`) REFERENCES `django_content_type` (`id`),
  CONSTRAINT `like_like_liker_id_63139a52_fk_auth_user_id` FOREIGN KEY (`liker_id`) REFERENCES `auth_user` (`id`)
) ENGINE=InnoDB AUTO_INCREMENT=406 DEFAULT CHARSET=utf8;
/*!40101 SET character_set_client = @saved_cs_client */;

--
-- Dumping data for table `like_like`
--

LOCK TABLES `like_like` WRITE;
/*!40000 ALTER TABLE `like_like` DISABLE KEYS */;
INSERT INTO `like_like` VALUES (214,746,'2019-07-16 14:59:26.591545',17,13),(215,745,'2019-07-16 14:59:27.605305',17,13),(273,750,'2019-07-16 16:31:32.779088',17,15),(375,750,'2019-07-17 11:44:55.734803',17,13),(377,751,'2019-07-17 11:44:56.995761',17,13),(404,54,'2019-07-17 14:02:11.279238',16,15),(405,54,'2019-07-17 14:02:24.157077',16,13);
/*!40000 ALTER TABLE `like_like` ENABLE KEYS */;
UNLOCK TABLES;

--
-- Table structure for table `myuser_profile`
--

DROP TABLE IF EXISTS `myuser_profile`;
/*!40101 SET @saved_cs_client     = @@character_set_client */;
/*!40101 SET character_set_client = utf8 */;
CREATE TABLE `myuser_profile` (
  `id` int(11) NOT NULL AUTO_INCREMENT,
  `nick_name` varchar(100) DEFAULT NULL,
  `user_id` int(11) NOT NULL,
  PRIMARY KEY (`id`),
  UNIQUE KEY `user_id` (`user_id`),
  CONSTRAINT `myuser_profile_user_id_37d36031_fk_auth_user_id` FOREIGN KEY (`user_id`) REFERENCES `auth_user` (`id`)
) ENGINE=InnoDB AUTO_INCREMENT=9 DEFAULT CHARSET=utf8;
/*!40101 SET character_set_client = @saved_cs_client */;

--
-- Dumping data for table `myuser_profile`
--

LOCK TABLES `myuser_profile` WRITE;
/*!40000 ALTER TABLE `myuser_profile` DISABLE KEYS */;
INSERT INTO `myuser_profile` VALUES (7,NULL,15),(8,'管理员',13);
/*!40000 ALTER TABLE `myuser_profile` ENABLE KEYS */;
UNLOCK TABLES;

--
-- Table structure for table `myuser_verifycode`
--

DROP TABLE IF EXISTS `myuser_verifycode`;
/*!40101 SET @saved_cs_client     = @@character_set_client */;
/*!40101 SET character_set_client = utf8 */;
CREATE TABLE `myuser_verifycode` (
  `id` int(11) NOT NULL AUTO_INCREMENT,
  `email` varchar(254) NOT NULL,
  `verify_code` varchar(6) NOT NULL,
  `used` tinyint(1) NOT NULL,
  `action` varchar(100) NOT NULL,
  PRIMARY KEY (`id`)
) ENGINE=InnoDB AUTO_INCREMENT=114 DEFAULT CHARSET=utf8;
/*!40101 SET character_set_client = @saved_cs_client */;

--
-- Dumping data for table `myuser_verifycode`
--

LOCK TABLES `myuser_verifycode` WRITE;
/*!40000 ALTER TABLE `myuser_verifycode` DISABLE KEYS */;
INSERT INTO `myuser_verifycode` VALUES (91,'1130080238@qq.com','LFGcda',1,'register'),(92,'1130080238@qq.com','dicIH3',1,'register'),(93,'1130080238@qq.com','ynaPS1',1,'register'),(94,'1130080238@qq.com','2tGz1Q',1,'register'),(95,'1130080238@qq.com','axDrFX',1,'register'),(96,'1130080238@qq.com','PO9XRV',1,'register'),(97,'1130080238@qq.com','HBhnxA',1,'register'),(98,'1130080238@qq.com','vsjhgO',1,'register'),(99,'653056889@qq.com','UP4iq3',1,'change_email'),(100,'653056889@qq.com','PEI0cA',1,'change_email'),(101,'1130080238@qq.com','wP6o53',1,'change_email'),(102,'1130080238@qq.com','fOH2bg',0,'register'),(103,'1130080238@qq.com','chgqm9',0,'register'),(104,'1130080238@qq.com','WskI93',0,'register'),(105,'1130080238@qq.com','fbTIy3',0,'register'),(106,'1130080238@qq.com','D7PS1R',1,'find_password'),(107,'1130080238@qq.com','d6SXZf',1,'find_password'),(108,'1130080238@qq.com','P3HC1D',1,'find_password'),(109,'1130080238@qq.com','6Cp2iD',1,'find_password'),(110,'1130080238@qq.com','iZHUAL',1,'find_password'),(111,'1130080238@qq.com','P217gI',1,'find_password'),(112,'1130080238@qq.com','hvDREH',1,'find_password'),(113,'1130080238@qq.com','FoOaVB',1,'find_password');
/*!40000 ALTER TABLE `myuser_verifycode` ENABLE KEYS */;
UNLOCK TABLES;

--
-- Table structure for table `socialaccount_socialaccount`
--

DROP TABLE IF EXISTS `socialaccount_socialaccount`;
/*!40101 SET @saved_cs_client     = @@character_set_client */;
/*!40101 SET character_set_client = utf8 */;
CREATE TABLE `socialaccount_socialaccount` (
  `id` int(11) NOT NULL AUTO_INCREMENT,
  `provider` varchar(30) NOT NULL,
  `uid` varchar(191) NOT NULL,
  `last_login` datetime(6) NOT NULL,
  `date_joined` datetime(6) NOT NULL,
  `extra_data` longtext NOT NULL,
  `user_id` int(11) NOT NULL,
  PRIMARY KEY (`id`),
  UNIQUE KEY `socialaccount_socialaccount_provider_uid_fc810c6e_uniq` (`provider`,`uid`),
  KEY `socialaccount_socialaccount_user_id_8146e70c_fk_auth_user_id` (`user_id`),
  CONSTRAINT `socialaccount_socialaccount_user_id_8146e70c_fk_auth_user_id` FOREIGN KEY (`user_id`) REFERENCES `auth_user` (`id`)
) ENGINE=InnoDB DEFAULT CHARSET=utf8;
/*!40101 SET character_set_client = @saved_cs_client */;

--
-- Dumping data for table `socialaccount_socialaccount`
--

LOCK TABLES `socialaccount_socialaccount` WRITE;
/*!40000 ALTER TABLE `socialaccount_socialaccount` DISABLE KEYS */;
/*!40000 ALTER TABLE `socialaccount_socialaccount` ENABLE KEYS */;
UNLOCK TABLES;

--
-- Table structure for table `socialaccount_socialapp`
--

DROP TABLE IF EXISTS `socialaccount_socialapp`;
/*!40101 SET @saved_cs_client     = @@character_set_client */;
/*!40101 SET character_set_client = utf8 */;
CREATE TABLE `socialaccount_socialapp` (
  `id` int(11) NOT NULL AUTO_INCREMENT,
  `provider` varchar(30) NOT NULL,
  `name` varchar(40) NOT NULL,
  `client_id` varchar(191) NOT NULL,
  `secret` varchar(191) NOT NULL,
  `key` varchar(191) NOT NULL,
  PRIMARY KEY (`id`)
) ENGINE=InnoDB DEFAULT CHARSET=utf8;
/*!40101 SET character_set_client = @saved_cs_client */;

--
-- Dumping data for table `socialaccount_socialapp`
--

LOCK TABLES `socialaccount_socialapp` WRITE;
/*!40000 ALTER TABLE `socialaccount_socialapp` DISABLE KEYS */;
/*!40000 ALTER TABLE `socialaccount_socialapp` ENABLE KEYS */;
UNLOCK TABLES;

--
-- Table structure for table `socialaccount_socialapp_sites`
--

DROP TABLE IF EXISTS `socialaccount_socialapp_sites`;
/*!40101 SET @saved_cs_client     = @@character_set_client */;
/*!40101 SET character_set_client = utf8 */;
CREATE TABLE `socialaccount_socialapp_sites` (
  `id` int(11) NOT NULL AUTO_INCREMENT,
  `socialapp_id` int(11) NOT NULL,
  `site_id` int(11) NOT NULL,
  PRIMARY KEY (`id`),
  UNIQUE KEY `socialaccount_socialapp_sites_socialapp_id_site_id_71a9a768_uniq` (`socialapp_id`,`site_id`),
  KEY `socialaccount_socialapp_sites_site_id_2579dee5_fk_django_site_id` (`site_id`),
  CONSTRAINT `socialaccount_social_socialapp_id_97fb6e7d_fk_socialacc` FOREIGN KEY (`socialapp_id`) REFERENCES `socialaccount_socialapp` (`id`),
  CONSTRAINT `socialaccount_socialapp_sites_site_id_2579dee5_fk_django_site_id` FOREIGN KEY (`site_id`) REFERENCES `django_site` (`id`)
) ENGINE=InnoDB DEFAULT CHARSET=utf8;
/*!40101 SET character_set_client = @saved_cs_client */;

--
-- Dumping data for table `socialaccount_socialapp_sites`
--

LOCK TABLES `socialaccount_socialapp_sites` WRITE;
/*!40000 ALTER TABLE `socialaccount_socialapp_sites` DISABLE KEYS */;
/*!40000 ALTER TABLE `socialaccount_socialapp_sites` ENABLE KEYS */;
UNLOCK TABLES;

--
-- Table structure for table `socialaccount_socialtoken`
--

DROP TABLE IF EXISTS `socialaccount_socialtoken`;
/*!40101 SET @saved_cs_client     = @@character_set_client */;
/*!40101 SET character_set_client = utf8 */;
CREATE TABLE `socialaccount_socialtoken` (
  `id` int(11) NOT NULL AUTO_INCREMENT,
  `token` longtext NOT NULL,
  `token_secret` longtext NOT NULL,
  `expires_at` datetime(6) DEFAULT NULL,
  `account_id` int(11) NOT NULL,
  `app_id` int(11) NOT NULL,
  PRIMARY KEY (`id`),
  UNIQUE KEY `socialaccount_socialtoken_app_id_account_id_fca4e0ac_uniq` (`app_id`,`account_id`),
  KEY `socialaccount_social_account_id_951f210e_fk_socialacc` (`account_id`),
  CONSTRAINT `socialaccount_social_account_id_951f210e_fk_socialacc` FOREIGN KEY (`account_id`) REFERENCES `socialaccount_socialaccount` (`id`),
  CONSTRAINT `socialaccount_social_app_id_636a42d7_fk_socialacc` FOREIGN KEY (`app_id`) REFERENCES `socialaccount_socialapp` (`id`)
) ENGINE=InnoDB DEFAULT CHARSET=utf8;
/*!40101 SET character_set_client = @saved_cs_client */;

--
-- Dumping data for table `socialaccount_socialtoken`
--

LOCK TABLES `socialaccount_socialtoken` WRITE;
/*!40000 ALTER TABLE `socialaccount_socialtoken` DISABLE KEYS */;
/*!40000 ALTER TABLE `socialaccount_socialtoken` ENABLE KEYS */;
UNLOCK TABLES;
/*!40103 SET TIME_ZONE=@OLD_TIME_ZONE */;

/*!40101 SET SQL_MODE=@OLD_SQL_MODE */;
/*!40014 SET FOREIGN_KEY_CHECKS=@OLD_FOREIGN_KEY_CHECKS */;
/*!40014 SET UNIQUE_CHECKS=@OLD_UNIQUE_CHECKS */;
/*!40101 SET CHARACTER_SET_CLIENT=@OLD_CHARACTER_SET_CLIENT */;
/*!40101 SET CHARACTER_SET_RESULTS=@OLD_CHARACTER_SET_RESULTS */;
/*!40101 SET COLLATION_CONNECTION=@OLD_COLLATION_CONNECTION */;
/*!40111 SET SQL_NOTES=@OLD_SQL_NOTES */;

-- Dump completed on 2019-07-22 14:15:09
